user_id,transaction_date,product_category,sale_amount,region,city,age,subscription,status,price,store_id,raw_timestamp,email,username
U1001,2026-06-27,Groceries,3453.62,East,Jaipur,37,Premium,Cancelled,2558.76,S104,2026-01-01 20:22:00,user1@example.com,user1
U1002,2026-02-18,Electronics,4759.89,West,Pune,47,Premium,Completed,113.78,S103,2026-05-24 06:27:00,user2@example.com,user2
U1003,2026-03-29,Clothing,1567.15,South,Mumbai,31,Basic,Cancelled,2052.65,S105,2026-01-09 07:53:00,user3@example.com,user3
U1004,2026-05-21,Clothing,3129.7,South,Jaipur,38,Premium,Pending,461.23,S104,2026-01-13 07:11:00,user4@example.com,user4
U1005,2026-05-18,Furniture,2018.67,South,Jaipur,34,Basic,Completed,,S104,2026-04-16 18:17:00,user5@example.com,user5
U1006,2026-01-10,Electronics,1936.48,West,Jaipur,24,Basic,,2139.0,S102,2026-03-25 18:41:00,user6@example.com,user6
U1007,2026-03-29,Clothing,382.08,West,Delhi,46,Basic,Cancelled,2339.94,S101,2026-05-04 08:29:00,user7@example.com,user7
U1008,2026-01-10,Furniture,2632.96,South,Delhi,49,Premium,Cancelled,2460.4,S102,2026-03-26 06:17:00,user8@example.com,user8
U1009,2026-04-12,Clothing,3691.31,East,Jaipur,50,Basic,Cancelled,1063.74,S102,2026-02-13 04:51:00,user9@example.com,user9
U1010,2026-05-07,Furniture,1230.37,South,Jaipur,35,Premium,Cancelled,1972.2,S103,2026-05-27 03:50:00,user10@example.com,user10
U1011,2026-01-21,Sports,4070.14,North,Mumbai,59,Basic,Completed,1110.14,S102,2026-06-10 05:00:00,user11@example.com,user11
U1012,2026-05-25,Furniture,4948.53,North,Mumbai,59,Premium,Cancelled,2884.48,S105,2026-05-05 23:57:00,user12@example.com,user12
U1013,2026-02-24,Furniture,3929.77,West,Mumbai,41,Premium,Pending,,S101,2026-02-14 09:47:00,user13@example.com,user13
U1014,2026-05-22,Electronics,3414.56,East,Mumbai,45,Basic,Completed,1078.6,S104,2026-01-29 15:37:00,user14@example.com,user14
U1015,2026-03-29,Electronics,2965.84,South,Pune,59,Basic,Cancelled,1412.76,S104,2026-05-02 20:32:00,user15@example.com,user15
U1016,2026-01-17,Clothing,3466.87,South,Jaipur,27,Premium,Completed,1313.87,S104,2026-01-10 06:31:00,user16@example.com,user16
U1017,2026-01-30,Groceries,723.13,North,Jaipur,27,Premium,Cancelled,1074.44,S102,2026-06-24 10:11:00,user17@example.com,user17
U1018,2026-06-04,Sports,4542.75,West,Jaipur,51,Basic,Cancelled,2034.9,S104,2026-04-14 16:36:00,user18@example.com,user18
U1019,2026-05-25,Furniture,866.55,West,Mumbai,20,Premium,Completed,1926.24,S105,2026-04-26 03:27:00,user19@example.com,user19
U1020,2026-04-16,Sports,2891.96,West,Jaipur,43,Basic,Completed,2254.02,S101,2026-05-29 00:53:00,user20@example.com,user20
U1021,2026-03-22,Electronics,2772.21,East,Jaipur,38,Premium,Completed,,S105,2026-06-05 02:56:00,user21@example.com,user21
U1022,2026-06-16,Furniture,1085.85,West,Jaipur,60,Basic,Cancelled,1656.85,S105,2026-04-02 12:02:00,user22@example.com,user22
U1023,2026-06-24,Electronics,431.56,East,Jaipur,37,Basic,Completed,2324.78,S105,2026-01-10 01:13:00,user23@example.com,user23
U1024,2026-03-01,Clothing,598.26,West,Mumbai,23,Basic,Cancelled,2812.39,S103,2026-05-07 10:05:00,user24@example.com,user24
U1025,2026-01-02,Groceries,4472.67,West,Jaipur,21,Premium,Pending,2688.13,S103,2026-04-29 03:16:00,user25@example.com,user25
U1026,2026-01-01,Furniture,3540.24,East,Jaipur,54,Basic,Cancelled,1485.73,S102,2026-06-20 17:44:00,user26@example.com,user26
U1027,2026-01-01,Sports,2284.21,North,Mumbai,43,Basic,Cancelled,835.6,S105,2026-02-16 09:26:00,user27@example.com,user27
U1028,2026-03-17,Furniture,4492.88,North,Pune,34,Basic,Pending,497.72,S101,2026-02-03 14:30:00,user28@example.com,user28
U1029,2026-04-26,Sports,454.81,South,Jaipur,39,Premium,Cancelled,2757.68,S101,2026-04-26 00:10:00,user29@example.com,user29
U1030,2026-03-01,Clothing,3680.73,West,Delhi,49,Basic,Pending,1900.07,S105,2026-05-14 20:09:00,user30@example.com,user30
U1031,2026-04-26,Clothing,3982.82,West,Delhi,18,Basic,Pending,1402.37,S102,2026-05-07 05:12:00,user31@example.com,
U1032,2026-01-14,Groceries,1043.77,South,Mumbai,22,Premium,Cancelled,1621.13,S102,2026-06-06 13:19:00,user32@example.com,user32
U1033,2026-06-08,Groceries,2974.06,North,Jaipur,57,Premium,Cancelled,2564.24,S101,2026-05-09 14:14:00,,user33
U1034,2026-04-22,Clothing,4130.03,North,Jaipur,51,Basic,Completed,780.34,S105,2026-02-27 14:19:00,user34@example.com,user34
U1035,2026-01-13,Sports,1569.67,South,Jaipur,38,Premium,Pending,99.48,S105,2026-05-03 00:32:00,user35@example.com,user35
U1036,2026-02-12,Electronics,594.22,North,Jaipur,50,Premium,Cancelled,2023.46,S101,2026-05-08 03:19:00,user36@example.com,user36
U1037,2026-02-15,Clothing,2454.33,East,Pune,29,Basic,Pending,2437.79,S101,2026-01-21 08:54:00,user37@example.com,user37
U1038,2026-03-18,Clothing,3949.31,East,Jaipur,45,Premium,Cancelled,477.65,S102,2026-04-25 00:07:00,user38@example.com,user38
U1039,2026-04-29,Electronics,1231.34,East,Jaipur,26,Basic,Pending,543.56,S102,01/2026/04/23,user39@example.com,user39
U1040,2026-03-27,Electronics,513.98,North,Jaipur,24,Basic,Pending,1969.42,S101,2026-06-10 16:27:00,user40@example.com,user40
U1041,2026-03-02,Furniture,2661.39,North,Pune,48,Basic,Pending,1701.22,S101,2026-02-07 16:45:00,user41@example.com,user41
U1042,2026-06-02,Sports,1176.18,East,Jaipur,37,Basic,Pending,1025.18,S101,2026-03-04 20:28:00,user42@example.com,user42
U1043,2026-06-13,Electronics,4822.06,North,Delhi,23,Premium,Pending,2114.33,S104,2026-02-25 01:44:00,user43@example.com,user43
U1044,2026-05-15,Sports,4232.6,South,Jaipur,21,Premium,Cancelled,1365.78,S101,2026-04-19 00:05:00,user44@example.com,user44
U1045,2026-03-14,Electronics,3687.19,West,Delhi,45,Premium,Cancelled,1324.54,S103,2026-02-05 22:35:00,user45@example.com,user45
U1046,2026-04-20,Groceries,545.39,North,Delhi,22,Basic,Pending,2935.76,S102,2026-02-21 04:42:00,user46@example.com,user46
U1047,2026-03-28,Groceries,1056.74,West,Jaipur,46,Basic,Cancelled,910.11,S105,2026-02-24 07:14:00,user47@example.com,user47
U1048,2026-02-06,Sports,2436.47,South,Jaipur,57,Basic,Pending,,S101,2026-04-19 07:48:00,user48@example.com,user48
U1049,2026-05-18,Electronics,2407.83,West,Delhi,18,Basic,Pending,1837.13,S105,2026-03-27 14:20:00,user49@example.com,user49
U1050,2026-03-06,Electronics,4253.16,West,Mumbai,23,Premium,Completed,1949.47,S102,2026-03-09 08:31:00,user50@example.com,user50
U1051,2026-05-21,Groceries,1328.12,West,Delhi,59,Premium,Cancelled,105.2,S103,2026-02-15 14:49:00,user51@example.com,user51
U1052,2026-06-19,Sports,4947.72,West,Jaipur,24,Premium,Pending,818.45,S105,2026-02-06 13:21:00,user52@example.com,user52
U1053,2026-04-16,Clothing,4470.77,East,Delhi,29,Premium,,1500.47,S105,2026-01-31 00:23:00,user53@example.com,user53
U1054,2026-04-23,Sports,2636.95,North,Jaipur,24,Premium,Cancelled,740.11,S103,2026-02-22 05:00:00,user54@example.com,user54
U1055,2026-02-03,Furniture,1852.03,East,Mumbai,27,Premium,Cancelled,2336.01,S104,2026-05-28 07:41:00,user55@example.com,user55
U1056,2026-02-24,Furniture,3701.22,East,Mumbai,53,Premium,Completed,2383.73,S104,2026-03-04 21:24:00,user56@example.com,user56
U1057,2026-01-20,Furniture,480.94,East,Jaipur,41,Basic,Completed,1272.81,S102,2026-01-29 01:42:00,user57@example.com,user57
U1058,2026-06-20,Furniture,4951.92,North,Jaipur,33,Premium,Cancelled,694.19,S104,2026-02-28 15:43:00,user58@example.com,user58
U1059,2026-04-13,Electronics,4034.81,West,Jaipur,32,Premium,Cancelled,401.07,S102,2026-05-10 06:17:00,,user59
U1060,2026-01-26,Groceries,2382.89,East,Delhi,28,Premium,Cancelled,,S105,2026-05-26 16:53:00,user60@example.com,user60
U1061,2026-01-01,Sports,507.8,East,Delhi,50,Basic,Completed,2423.17,S105,2026-05-29 08:31:00,user61@example.com,user61
U1062,2026-03-30,Groceries,3530.92,South,Mumbai,37,Basic,Completed,2099.49,S103,2026-03-19 09:21:00,user62@example.com,user62
U1063,2026-04-11,Clothing,4301.12,North,Jaipur,58,Basic,Pending,2957.41,S101,2026-05-09 01:38:00,user63@example.com,user63
U1064,2026-06-07,Electronics,313.28,South,Jaipur,23,Premium,Pending,1763.97,S101,2026-03-12 03:48:00,user64@example.com,user64
U1065,2026-05-13,Groceries,1864.27,North,Pune,33,Basic,Pending,1372.2,S103,2026-04-12 12:34:00,user65@example.com,user65
U1066,2026-06-30,Groceries,2818.98,East,Mumbai,48,Premium,Pending,1560.2,S102,2026-04-11 04:29:00,user66@example.com,user66
U1067,2026-02-23,Electronics,4428.04,North,Jaipur,37,Premium,Cancelled,901.91,S102,01/2026/05/13,user67@example.com,user67
U1068,2026-04-01,Furniture,3799.54,South,Mumbai,45,Premium,Completed,140.9,S104,2026-04-16 00:30:00,user68@example.com,user68
U1069,2026-05-23,Groceries,4332.52,North,Pune,49,Basic,Pending,374.53,S103,2026-05-07 08:16:00,user69@example.com,user69
U1070,2026-03-08,Electronics,2560.89,East,Jaipur,51,Premium,Cancelled,1182.52,S103,2026-06-08 13:55:00,user70@example.com,
U1071,2026-01-01,Clothing,1876.33,East,Mumbai,27,Basic,Pending,1231.84,S103,2026-06-02 23:43:00,user71@example.com,user71
U1072,2026-02-11,Groceries,3324.63,South,Jaipur,44,Premium,Pending,1325.91,S101,2026-02-16 22:11:00,user72@example.com,user72
U1073,2026-02-04,Clothing,4426.81,North,Delhi,19,Basic,Completed,2789.21,S105,2026-01-04 22:40:00,user73@example.com,user73
U1074,2026-04-09,Furniture,3899.29,South,Mumbai,28,Premium,Completed,1763.08,S104,2026-05-24 06:08:00,user74@example.com,user74
U1075,2026-02-07,Sports,2850.77,East,Jaipur,27,Basic,Completed,2085.1,S101,2026-05-10 16:43:00,user75@example.com,user75
U1076,2026-05-03,Furniture,2002.54,North,Jaipur,38,Premium,Cancelled,1655.3,S102,2026-06-20 21:41:00,user76@example.com,user76
U1077,2026-04-19,Clothing,265.37,North,Pune,56,Premium,,501.5,S103,01/2026/05/11,user77@example.com,user77
U1078,2026-05-01,Groceries,3400.83,East,Mumbai,33,Basic,Cancelled,1143.36,S103,2026-01-06 01:40:00,user78@example.com,user78
U1079,2026-03-18,Sports,950.32,North,Jaipur,25,Basic,Cancelled,1048.08,S105,2026-01-25 19:06:00,user79@example.com,user79
U1080,2026-06-01,Furniture,4139.82,South,Mumbai,60,Premium,Completed,791.04,S102,2026-02-03 03:44:00,user80@example.com,user80
U1081,2026-05-01,Electronics,3990.6,West,Delhi,40,Basic,Cancelled,2384.74,S103,2026-05-02 22:43:00,user81@example.com,user81
U1082,2026-01-03,Groceries,4571.93,West,Delhi,32,Premium,Completed,245.81,S105,2026-01-17 20:37:00,user82@example.com,user82
U1083,2026-04-13,Groceries,2464.35,East,Jaipur,34,Basic,Pending,1851.27,S103,2026-01-27 15:25:00,user83@example.com,user83
U1084,2026-04-10,Groceries,333.56,North,Jaipur,22,Premium,Pending,1271.57,S104,2026-04-10 11:17:00,user84@example.com,user84
U1085,2026-01-23,Furniture,2368.29,North,Mumbai,33,Premium,Completed,1454.58,S101,2026-04-16 16:02:00,user85@example.com,user85
U1086,2026-05-22,Electronics,1812.35,North,Jaipur,35,Premium,Cancelled,2485.67,S102,2026-02-07 13:48:00,user86@example.com,user86
U1087,2026-03-16,Clothing,3755.48,South,Delhi,51,Premium,Cancelled,1775.95,S102,2026-03-17 07:11:00,user87@example.com,user87
U1088,2026-04-06,Furniture,2347.66,West,Jaipur,32,Premium,Pending,,S101,2026-02-23 00:29:00,user88@example.com,user88
U1089,2026-01-20,Electronics,4803.22,West,Jaipur,27,Basic,Cancelled,778.36,S102,2026-05-05 00:20:00,user89@example.com,user89
U1090,2026-03-10,Clothing,3960.86,West,Mumbai,22,Basic,Completed,796.75,S103,2026-05-03 16:58:00,user90@example.com,user90
U1091,2026-03-16,Sports,2956.01,West,Delhi,29,Premium,Cancelled,2040.18,S105,2026-01-13 10:37:00,user91@example.com,user91
U1092,2026-01-02,Clothing,2313.1,East,Mumbai,27,Premium,Completed,2624.74,S103,2026-04-30 14:48:00,user92@example.com,user92
U1093,2026-02-21,Clothing,4364.17,West,Mumbai,37,Basic,Completed,2844.87,S103,2026-04-16 19:21:00,user93@example.com,user93
U1094,2026-06-08,Furniture,3093.8,North,Delhi,59,Basic,Cancelled,2747.37,S104,2026-02-11 15:08:00,user94@example.com,user94
U1095,2026-05-30,Furniture,1904.4,South,Jaipur,30,Premium,Cancelled,1870.31,S102,2026-06-12 13:51:00,user95@example.com,user95
U1096,2026-05-06,Sports,2894.55,East,Jaipur,26,Basic,Completed,115.06,S103,2026-01-30 18:09:00,user96@example.com,user96
U1097,2026-02-28,Electronics,1077.67,West,Jaipur,19,Basic,Pending,1553.19,S105,01/2026/02/14,user97@example.com,user97
U1098,2026-02-23,Furniture,759.18,East,Jaipur,60,Premium,Cancelled,1016.54,S104,2026-05-02 16:30:00,user98@example.com,user98
U1099,2026-01-29,Sports,3544.24,West,Jaipur,49,Basic,,510.99,S104,2026-05-05 04:34:00,user99@example.com,user99
U1100,2026-05-16,Clothing,3293.2,East,Jaipur,18,Basic,Pending,1502.5,S101,2026-06-07 08:45:00,user100@example.com,user100
U1101,2026-06-23,Sports,1330.77,North,Jaipur,59,Premium,Completed,2368.49,S101,2026-02-26 01:40:00,user101@example.com,user101
U1102,2026-03-21,Sports,4249.39,East,Jaipur,23,Basic,Pending,577.42,S104,2026-05-04 09:58:00,user102@example.com,user102
U1103,2026-05-04,Sports,2812.49,South,Delhi,46,Premium,Cancelled,514.21,S102,2026-03-02 06:33:00,user103@example.com,user103
U1104,2026-05-07,Clothing,4444.95,South,Pune,39,Basic,Cancelled,748.01,S102,2026-02-19 08:55:00,user104@example.com,user104
U1105,2026-05-23,Electronics,797.1,East,Mumbai,21,Premium,Completed,1718.54,S104,2026-02-22 19:14:00,user105@example.com,user105
U1106,2026-04-30,Groceries,2018.42,South,Delhi,28,Basic,Cancelled,461.68,S103,2026-02-12 01:27:00,user106@example.com,user106
U1107,2026-06-18,Sports,3344.0,East,Delhi,52,Premium,Completed,984.96,S104,2026-05-12 19:32:00,user107@example.com,user107
U1108,2026-06-17,Clothing,4781.38,East,Delhi,24,Premium,Cancelled,1997.2,S101,2026-03-09 21:30:00,user108@example.com,user108
U1109,2026-03-11,Groceries,3214.64,West,Jaipur,21,Premium,Completed,2167.84,S101,2026-05-16 08:40:00,user109@example.com,user109
U1110,2026-01-29,Clothing,999.87,South,Delhi,43,Premium,Completed,632.61,S102,2026-04-11 20:41:00,user110@example.com,user110
U1111,2026-06-26,Clothing,1195.97,North,Delhi,23,Basic,Completed,2604.73,S105,2026-01-15 08:17:00,user111@example.com,user111
U1112,2026-04-22,Sports,2132.42,West,Delhi,51,Basic,Cancelled,2474.4,S101,2026-06-22 16:25:00,user112@example.com,user112
U1113,2026-02-27,Furniture,965.89,West,Jaipur,45,Basic,Completed,1258.22,S102,2026-05-25 17:45:00,user113@example.com,user113
U1114,2026-05-05,Clothing,2768.64,East,Pune,60,Premium,Completed,2045.84,S103,2026-05-03 00:36:00,user114@example.com,user114
U1115,2026-03-02,Electronics,883.4,East,Jaipur,33,Basic,Completed,2069.57,S101,2026-04-04 20:51:00,user115@example.com,user115
U1116,2026-04-05,Groceries,4175.38,East,Delhi,46,Premium,Completed,1376.78,S104,2026-06-06 20:57:00,user116@example.com,user116
U1117,2026-01-30,Furniture,580.5,South,Jaipur,20,Premium,Completed,2252.99,S103,2026-05-05 14:58:00,user117@example.com,user117
U1118,2026-04-18,Furniture,1254.45,North,Jaipur,18,Premium,Completed,2946.72,S101,2026-06-25 14:55:00,user118@example.com,user118
U1119,2026-03-20,Electronics,4279.97,North,Delhi,32,Basic,Cancelled,1822.64,S101,2026-05-25 12:09:00,user119@example.com,user119
U1120,2026-02-19,Furniture,4690.33,South,Mumbai,44,Premium,Pending,2637.72,S104,2026-03-26 22:01:00,user120@example.com,user120
U1121,2026-03-19,Electronics,1377.27,East,Mumbai,34,Basic,Cancelled,1520.24,S104,2026-04-30 14:17:00,user121@example.com,user121
U1122,2026-01-26,Sports,3205.4,West,Jaipur,29,Basic,Pending,2922.09,S104,2026-03-31 02:37:00,user122@example.com,user122
U1123,2026-02-16,Electronics,2041.39,North,Delhi,52,Basic,Pending,1379.76,S102,2026-01-08 22:57:00,user123@example.com,
U1124,2026-04-21,Furniture,3755.29,South,Delhi,29,Premium,Completed,2126.03,S104,2026-04-15 06:45:00,user124@example.com,user124
U1125,2026-06-09,Furniture,4611.61,South,Jaipur,38,Basic,Completed,2990.84,S105,2026-06-18 02:04:00,user125@example.com,user125
U1126,2026-06-07,Furniture,698.16,East,Jaipur,24,Premium,Pending,216.83,S101,2026-02-06 22:16:00,user126@example.com,
U1127,2026-04-29,Furniture,980.37,East,Delhi,29,Premium,Pending,134.0,S102,2026-06-16 04:28:00,user127@example.com,user127
U1128,2026-04-30,Sports,373.38,South,Mumbai,38,Premium,Completed,2389.63,S104,2026-05-14 15:11:00,,user128
U1129,2026-05-22,Sports,3019.27,West,Mumbai,40,Premium,Cancelled,1070.38,S102,2026-05-30 09:36:00,user129@example.com,user129
U1130,2026-02-24,Furniture,460.1,North,Mumbai,28,Premium,Pending,545.42,S102,2026-04-13 05:19:00,user130@example.com,user130
U1131,2026-01-30,Furniture,2865.15,South,Pune,31,Premium,Pending,1732.48,S104,2026-03-25 18:05:00,user131@example.com,user131
U1132,2026-04-14,Sports,1938.87,North,Jaipur,45,Premium,Pending,1932.41,S101,2026-01-07 10:45:00,user132@example.com,user132
U1133,2026-02-13,Furniture,1867.54,West,Jaipur,58,Premium,Pending,1468.53,S104,2026-05-06 15:22:00,user133@example.com,user133
U1134,2026-02-27,Electronics,880.38,West,Pune,37,Basic,Completed,1802.85,S101,2026-06-18 05:40:00,user134@example.com,user134
U1135,2026-04-04,Furniture,3041.74,East,Jaipur,59,Premium,Cancelled,1160.39,S105,01/2026/02/05,user135@example.com,user135
U1136,2026-02-05,Groceries,1097.53,East,Jaipur,58,Basic,Pending,2191.42,S104,2026-04-21 18:01:00,user136@example.com,user136
U1137,2026-06-05,Furniture,3717.81,West,Delhi,33,Premium,Completed,130.48,S103,2026-05-07 05:28:00,user137@example.com,user137
U1138,2026-02-01,Sports,545.1,South,Jaipur,31,Premium,Pending,2469.54,S101,2026-04-20 01:39:00,user138@example.com,user138
U1139,2026-02-10,Furniture,1402.58,East,Delhi,50,Basic,Cancelled,2301.63,S104,2026-04-23 10:42:00,user139@example.com,user139
U1140,2026-04-23,Groceries,4956.49,East,Jaipur,54,Premium,Pending,1752.6,S105,2026-05-18 06:56:00,user140@example.com,user140
U1141,2026-04-07,Electronics,2798.6,West,Jaipur,35,Basic,Cancelled,1764.62,S102,2026-06-19 04:08:00,user141@example.com,user141
U1142,2026-02-27,Electronics,3383.81,South,Delhi,41,Basic,Pending,1754.29,S104,2026-05-26 09:12:00,user142@example.com,user142
U1143,2026-05-07,Sports,392.66,South,Mumbai,60,Basic,Completed,2376.07,S102,2026-04-07 21:15:00,user143@example.com,user143
U1144,2026-03-23,Sports,2576.36,South,Delhi,52,Premium,Completed,1547.02,S101,2026-01-27 19:38:00,user144@example.com,user144
U1145,2026-01-02,Groceries,584.3,South,Jaipur,31,Basic,Pending,2753.29,S103,2026-02-18 22:12:00,user145@example.com,user145
U1146,2026-04-08,Groceries,4473.14,West,Delhi,36,Premium,Completed,2952.64,S103,2026-01-17 16:34:00,user146@example.com,user146
U1147,2026-05-13,Electronics,2824.54,East,Jaipur,27,Basic,Cancelled,2395.24,S102,2026-05-14 15:37:00,user147@example.com,user147
U1148,2026-05-28,Furniture,2423.89,East,Jaipur,60,Premium,Completed,2887.31,S104,2026-06-26 00:06:00,user148@example.com,user148
U1149,2026-04-17,Sports,4147.62,South,Jaipur,52,Premium,Cancelled,1829.04,S104,2026-05-01 04:31:00,user149@example.com,user149
U1150,2026-05-09,Furniture,2055.9,South,Delhi,25,Basic,Cancelled,617.67,S104,2026-01-12 08:53:00,user150@example.com,user150
U1151,2026-03-26,Clothing,1768.74,North,Jaipur,35,Premium,Completed,1672.63,S101,2026-03-25 16:02:00,user151@example.com,user151
U1152,2026-04-23,Electronics,542.35,West,Delhi,48,Premium,,1455.93,S101,2026-06-15 03:47:00,user152@example.com,user152
U1153,2026-02-19,Furniture,997.47,East,Jaipur,22,Premium,Completed,2702.68,S104,2026-04-30 13:51:00,user153@example.com,user153
U1154,2026-05-30,Groceries,4665.88,East,Delhi,50,Premium,Cancelled,2099.3,S104,2026-03-11 03:43:00,user154@example.com,user154
U1155,2026-05-03,Furniture,4273.38,West,Jaipur,52,Premium,Completed,2100.92,S104,2026-03-25 09:34:00,user155@example.com,user155
U1156,2026-02-25,Groceries,3493.58,West,Mumbai,52,Premium,Pending,2588.56,S103,2026-06-19 19:43:00,user156@example.com,user156
U1157,2026-01-21,Sports,2631.33,West,Pune,30,Premium,Pending,892.88,S101,2026-04-04 13:02:00,user157@example.com,user157
U1158,2026-02-27,Sports,2520.76,North,Delhi,59,Basic,Pending,1298.45,S105,2026-03-13 18:21:00,user158@example.com,user158
U1159,2026-06-18,Clothing,1786.76,West,Pune,20,Premium,Cancelled,232.5,S101,2026-03-19 18:05:00,user159@example.com,user159
U1160,2026-04-30,Groceries,4217.95,West,Mumbai,55,Basic,,1668.65,S102,2026-02-15 15:36:00,user160@example.com,user160
U1161,2026-05-28,Groceries,2647.67,East,Jaipur,28,Premium,Pending,2675.61,S101,2026-02-25 03:33:00,user161@example.com,user161
U1162,2026-06-23,Furniture,1920.51,East,Mumbai,49,Premium,Completed,1112.32,S102,2026-04-16 07:59:00,user162@example.com,user162
U1163,2026-02-20,Electronics,216.69,West,Jaipur,52,Premium,Completed,2723.26,S104,2026-01-10 01:58:00,user163@example.com,user163
U1164,2026-03-02,Furniture,4613.79,East,Jaipur,59,Basic,Cancelled,2408.65,S105,2026-05-22 08:48:00,user164@example.com,user164
U1165,2026-02-28,Groceries,1652.26,South,Jaipur,35,Premium,Completed,1387.08,S103,2026-01-20 01:56:00,user165@example.com,user165
U1166,2026-03-15,Electronics,2517.56,North,Jaipur,30,Basic,Cancelled,61.86,S102,2026-04-17 11:56:00,user166@example.com,user166
U1167,2026-02-05,Clothing,984.26,East,Jaipur,20,Basic,Completed,2359.7,S104,2026-06-10 10:32:00,user167@example.com,user167
U1168,2026-04-28,Electronics,1520.22,West,Jaipur,49,Basic,Completed,2776.81,S104,2026-01-28 23:07:00,user168@example.com,user168
U1169,2026-03-16,Furniture,1299.19,North,Pune,47,Basic,Completed,569.01,S105,2026-01-25 14:45:00,user169@example.com,user169
U1170,2026-02-12,Groceries,1760.21,South,Delhi,38,Basic,Cancelled,534.57,S102,2026-05-23 19:39:00,user170@example.com,
U1171,2026-06-28,Electronics,803.79,North,Jaipur,26,Premium,,1136.37,S104,2026-01-04 12:31:00,,user171
U1172,2026-04-11,Groceries,4952.57,West,Jaipur,58,Basic,Completed,1762.0,S105,2026-01-22 03:47:00,user172@example.com,user172
U1173,2026-04-13,Electronics,3125.39,North,Mumbai,43,Basic,Cancelled,2067.38,S105,2026-01-02 22:38:00,user173@example.com,user173
U1174,2026-05-20,Furniture,2082.57,North,Pune,59,Basic,Pending,2723.02,S105,2026-06-07 06:15:00,user174@example.com,user174
U1175,2026-05-03,Clothing,938.6,North,Jaipur,50,Premium,Cancelled,774.18,S104,2026-03-28 14:30:00,user175@example.com,user175
U1176,2026-03-24,Groceries,4823.0,South,Jaipur,32,Premium,Cancelled,2189.39,S103,2026-05-02 03:57:00,user176@example.com,user176
U1177,2026-05-07,Sports,2685.02,South,Mumbai,27,Premium,Completed,1598.42,S101,2026-04-14 13:49:00,user177@example.com,user177
U1178,2026-03-25,Furniture,1046.71,West,Delhi,44,Basic,Cancelled,1809.42,S103,2026-03-24 22:52:00,user178@example.com,user178
U1179,2026-06-25,Furniture,1331.83,East,Pune,53,Basic,Cancelled,494.87,S103,2026-05-30 09:40:00,user179@example.com,user179
U1180,2026-02-07,Groceries,739.84,North,Mumbai,39,Basic,Cancelled,2241.17,S105,2026-03-28 10:58:00,user180@example.com,user180
U1181,2026-02-04,Sports,4608.37,West,Delhi,59,Basic,Cancelled,52.18,S104,2026-02-26 12:29:00,user181@example.com,user181
U1182,2026-06-07,Clothing,466.02,South,Jaipur,31,Basic,Completed,2834.16,S103,2026-01-04 16:14:00,user182@example.com,user182
U1183,2026-04-18,Groceries,4813.31,South,Jaipur,54,Basic,Cancelled,2720.25,S104,2026-05-03 06:34:00,user183@example.com,user183
U1184,2026-01-24,Electronics,3644.34,West,Delhi,49,Premium,Completed,1316.47,S105,2026-02-02 05:14:00,user184@example.com,user184
U1185,2026-02-15,Clothing,1357.35,North,Delhi,18,Premium,Completed,214.46,S101,2026-06-24 14:58:00,user185@example.com,user185
U1186,2026-05-07,Clothing,1309.23,East,Jaipur,41,Premium,Pending,664.29,S104,2026-05-16 18:36:00,user186@example.com,user186
U1187,2026-03-23,Furniture,1673.68,North,Mumbai,57,Basic,Pending,1795.07,S102,2026-02-15 12:08:00,user187@example.com,user187
U1188,2026-06-07,Sports,568.0,North,Jaipur,58,Premium,Completed,2281.9,S101,2026-02-27 14:54:00,user188@example.com,user188
U1189,2026-06-17,Groceries,4451.06,West,Jaipur,43,Basic,Completed,124.16,S105,2026-03-08 03:01:00,user189@example.com,user189
U1190,2026-04-23,Furniture,2374.79,West,Jaipur,19,Basic,Pending,647.73,S105,2026-03-19 21:57:00,user190@example.com,user190
U1191,2026-03-01,Clothing,2379.72,North,Pune,52,Premium,Completed,2625.23,S105,2026-06-22 02:55:00,user191@example.com,user191
U1192,2026-04-18,Electronics,3529.08,South,Delhi,25,Basic,Completed,2528.06,S101,2026-03-25 09:10:00,user192@example.com,user192
U1193,2026-06-28,Furniture,1967.71,South,Jaipur,39,Basic,Completed,2456.08,S103,2026-03-31 13:35:00,user193@example.com,user193
U1194,2026-06-11,Electronics,465.66,West,Jaipur,21,Basic,Completed,856.44,S105,2026-05-12 21:04:00,user194@example.com,user194
U1195,2026-01-21,Furniture,4079.26,North,Jaipur,37,Premium,Pending,802.22,S104,2026-01-21 08:11:00,user195@example.com,user195
U1196,2026-05-24,Furniture,642.95,West,Jaipur,38,Basic,Pending,2109.0,S104,2026-06-02 05:21:00,user196@example.com,user196
U1197,2026-04-10,Clothing,2603.43,North,Jaipur,45,Premium,Completed,160.9,S103,2026-05-04 03:35:00,user197@example.com,user197
U1198,2026-04-16,Clothing,2754.26,North,Mumbai,47,Basic,Pending,2630.11,S101,2026-05-05 12:32:00,user198@example.com,user198
U1199,2026-04-27,Clothing,1333.15,West,Jaipur,36,Basic,Cancelled,143.81,S104,2026-01-25 11:46:00,user199@example.com,user199
U1200,2026-01-15,Groceries,1318.35,East,Jaipur,24,Premium,Cancelled,,S104,2026-04-26 17:43:00,user200@example.com,user200
U1201,2026-04-08,Sports,2007.41,West,Delhi,58,Premium,Cancelled,73.04,S103,2026-06-03 03:27:00,user201@example.com,user201
U1202,2026-01-20,Electronics,1219.81,South,Jaipur,39,Premium,Cancelled,2191.77,S102,2026-01-23 22:30:00,user202@example.com,user202
U1203,2026-01-26,Groceries,1706.73,East,Jaipur,47,Premium,Cancelled,2335.93,S102,2026-01-26 08:28:00,user203@example.com,user203
U1204,2026-02-18,Furniture,3524.75,West,Mumbai,38,Premium,Cancelled,492.53,S101,2026-01-11 06:46:00,user204@example.com,user204
U1205,2026-04-21,Sports,4120.14,East,Jaipur,28,Premium,Pending,1292.62,S101,2026-06-20 13:41:00,user205@example.com,user205
U1206,2026-03-12,Electronics,4870.1,North,Pune,55,Premium,Pending,234.49,S103,2026-05-23 04:30:00,user206@example.com,user206
U1207,2026-01-07,Sports,1143.76,North,Mumbai,48,Basic,Cancelled,389.4,S105,2026-01-12 21:50:00,user207@example.com,user207
U1208,2026-01-23,Clothing,844.04,East,Jaipur,46,Premium,Cancelled,1611.76,S103,2026-01-26 03:57:00,,user208
U1209,2026-06-05,Sports,4856.15,North,Jaipur,38,Basic,Pending,762.56,S102,2026-04-23 02:34:00,user209@example.com,user209
U1210,2026-05-16,Groceries,2519.02,South,Jaipur,52,Premium,Cancelled,804.93,S102,2026-05-13 18:24:00,user210@example.com,user210
U1211,2026-06-12,Sports,1742.38,East,Delhi,19,Basic,Completed,610.19,S102,2026-05-09 01:31:00,user211@example.com,user211
U1212,2026-06-18,Furniture,129.71,East,Jaipur,56,Premium,Cancelled,641.66,S102,2026-02-15 11:07:00,,user212
U1213,2026-04-24,Clothing,1504.52,North,Pune,58,Premium,Cancelled,679.16,S103,2026-01-18 21:49:00,user213@example.com,user213
U1214,2026-06-08,Furniture,3810.12,West,Delhi,60,Premium,Pending,2501.15,S103,2026-04-03 10:32:00,user214@example.com,user214
U1215,2026-06-09,Groceries,4476.34,South,Jaipur,29,Basic,,2511.55,S104,2026-05-17 00:06:00,user215@example.com,user215
U1216,2026-06-02,Clothing,2827.62,North,Delhi,28,Premium,Cancelled,2040.99,S103,2026-02-04 00:54:00,user216@example.com,user216
U1217,2026-04-11,Groceries,2414.2,South,Pune,51,Basic,Pending,156.47,S102,2026-02-14 23:01:00,user217@example.com,user217
U1218,2026-03-07,Electronics,103.68,West,Jaipur,33,Premium,Completed,988.47,S102,2026-02-06 19:39:00,user218@example.com,user218
U1219,2026-03-02,Electronics,337.48,West,Jaipur,53,Premium,Completed,1188.57,S101,2026-04-15 04:34:00,user219@example.com,user219
U1220,2026-01-15,Furniture,2412.23,West,Delhi,34,Basic,Cancelled,1789.74,S103,2026-04-27 18:33:00,user220@example.com,user220
U1221,2026-04-26,Furniture,4448.34,North,Jaipur,33,Premium,Pending,1956.49,S102,2026-06-10 09:10:00,user221@example.com,user221
U1222,2026-01-29,Furniture,3870.16,West,Jaipur,23,Basic,Pending,1079.59,S105,2026-05-13 22:56:00,user222@example.com,user222
U1223,2026-05-11,Groceries,3892.97,North,Delhi,26,Basic,Cancelled,139.96,S104,2026-06-25 13:34:00,user223@example.com,user223
U1224,2026-01-08,Groceries,2246.25,West,Delhi,36,Basic,Completed,1767.91,S105,2026-06-11 20:32:00,user224@example.com,user224
U1225,2026-05-01,Sports,1336.79,South,Delhi,21,Premium,Completed,1693.07,S103,2026-01-09 19:37:00,user225@example.com,user225
U1226,2026-06-14,Furniture,1470.41,West,Delhi,19,Premium,Cancelled,2274.99,S102,2026-05-27 03:46:00,user226@example.com,user226
U1227,2026-04-25,Electronics,3426.36,East,Jaipur,43,Premium,Completed,411.39,S103,2026-02-08 18:46:00,user227@example.com,user227
U1228,2026-02-11,Furniture,3185.82,South,Pune,39,Premium,Cancelled,1524.86,S103,2026-02-11 12:59:00,user228@example.com,user228
U1229,2026-04-28,Clothing,2852.63,North,Jaipur,45,Premium,Cancelled,1199.9,S101,2026-03-08 15:26:00,user229@example.com,user229
U1230,2026-06-29,Groceries,3554.05,East,Jaipur,53,Basic,Pending,172.99,S104,2026-03-01 05:48:00,user230@example.com,
U1231,2026-06-03,Furniture,4640.46,South,Jaipur,26,Basic,Cancelled,2530.08,S105,2026-01-31 20:25:00,user231@example.com,user231
U1232,2026-06-05,Clothing,1078.32,East,Pune,32,Premium,Cancelled,1499.98,S103,2026-03-22 02:02:00,user232@example.com,user232
U1233,2026-01-08,Clothing,2199.01,North,Mumbai,58,Basic,Pending,2603.43,S101,2026-06-17 16:06:00,user233@example.com,user233
U1234,2026-02-10,Furniture,2630.21,South,Delhi,39,Basic,Completed,1000.79,S101,2026-04-15 06:08:00,user234@example.com,user234
U1235,2026-06-18,Clothing,4945.25,South,Delhi,50,Basic,Completed,1943.77,S104,2026-05-24 03:35:00,user235@example.com,user235
U1236,2026-03-17,Electronics,1741.06,North,Delhi,46,Premium,Cancelled,2332.41,S103,2026-04-01 16:42:00,user236@example.com,user236
U1237,2026-06-24,Sports,3230.88,West,Mumbai,27,Premium,Completed,2324.42,S103,01/2026/06/22,user237@example.com,user237
U1238,2026-03-11,Sports,1161.89,West,Jaipur,57,Basic,Completed,2310.94,S103,2026-02-17 10:06:00,user238@example.com,user238
U1239,2026-06-26,Electronics,536.64,South,Delhi,29,Premium,Pending,2729.96,S103,2026-05-14 09:48:00,user239@example.com,user239
U1240,2026-06-23,Sports,2516.25,South,Mumbai,27,Premium,Cancelled,1198.39,S101,2026-03-26 09:33:00,user240@example.com,user240
U1241,2026-03-06,Electronics,1118.64,West,Jaipur,36,Premium,Cancelled,388.68,S105,2026-01-12 08:16:00,user241@example.com,
U1242,2026-01-14,Sports,3186.13,West,Delhi,33,Basic,Cancelled,58.56,S104,2026-06-27 17:14:00,user242@example.com,user242
U1243,2026-03-01,Sports,204.07,North,Jaipur,35,Basic,Completed,2648.09,S102,2026-03-04 10:16:00,user243@example.com,user243
U1244,2026-06-27,Furniture,1642.46,West,Mumbai,42,Basic,Completed,264.87,S102,2026-02-13 09:19:00,user244@example.com,user244
U1245,2026-05-03,Groceries,4659.27,North,Delhi,56,Premium,Cancelled,2417.42,S101,2026-05-20 09:21:00,,user245
U1246,2026-03-31,Sports,3158.44,West,Delhi,44,Basic,Pending,900.89,S101,2026-03-25 14:19:00,user246@example.com,user246
U1247,2026-01-23,Groceries,1047.33,South,Jaipur,28,Basic,Completed,636.12,S103,2026-05-19 11:51:00,user247@example.com,user247
U1248,2026-03-10,Electronics,3781.01,West,Jaipur,23,Premium,Completed,2414.39,S105,2026-06-16 00:38:00,user248@example.com,user248
U1249,2026-02-27,Sports,2548.95,South,Jaipur,41,Premium,Pending,2869.31,S103,2026-04-28 13:58:00,,
U1250,2026-05-04,Furniture,3682.37,North,Jaipur,60,Basic,Cancelled,555.43,S104,2026-04-11 00:43:00,user250@example.com,user250
U1251,2026-03-19,Clothing,2873.29,West,Jaipur,34,Basic,Pending,2842.9,S105,2026-05-05 17:36:00,user251@example.com,user251
U1252,2026-06-29,Clothing,2917.08,West,Jaipur,20,Basic,Completed,1836.54,S102,2026-05-01 08:06:00,user252@example.com,user252
U1253,2026-05-02,Furniture,4881.8,North,Delhi,25,Premium,Pending,1842.31,S104,2026-06-09 12:05:00,user253@example.com,
U1254,2026-03-04,Sports,1424.81,South,Jaipur,49,Basic,Cancelled,1620.68,S102,2026-05-22 16:27:00,user254@example.com,user254
U1255,2026-02-26,Furniture,2088.59,West,Jaipur,24,Premium,Pending,1259.42,S102,2026-06-06 08:30:00,user255@example.com,user255
U1256,2026-02-12,Furniture,3997.86,South,Jaipur,30,Premium,Pending,2102.44,S101,2026-02-21 11:54:00,user256@example.com,user256
U1257,2026-04-27,Groceries,4918.83,West,Delhi,30,Basic,Cancelled,,S104,2026-06-20 14:55:00,user257@example.com,user257
U1258,2026-02-25,Furniture,4853.29,South,Delhi,43,Premium,Completed,2385.44,S102,2026-04-12 19:15:00,user258@example.com,user258
U1259,2026-05-30,Clothing,2598.71,East,Pune,54,Premium,Completed,2866.04,S105,2026-06-04 08:10:00,user259@example.com,user259
U1260,2026-01-23,Groceries,3562.04,North,Jaipur,36,Basic,Completed,2138.92,S101,2026-06-18 07:15:00,user260@example.com,user260
U1261,2026-01-07,Groceries,735.85,North,Mumbai,36,Premium,Cancelled,2374.91,S102,2026-05-12 21:40:00,user261@example.com,user261
U1262,2026-06-27,Electronics,2169.94,West,Jaipur,36,Premium,Cancelled,1922.94,S103,2026-03-28 09:28:00,user262@example.com,user262
U1263,2026-06-04,Groceries,456.87,North,Mumbai,22,Basic,Cancelled,1065.95,S101,2026-04-29 05:52:00,user263@example.com,user263
U1264,2026-04-14,Furniture,1715.77,East,Delhi,37,Premium,Pending,985.51,S105,2026-01-28 20:57:00,user264@example.com,user264
U1265,2026-06-10,Sports,4544.1,West,Delhi,27,Basic,Cancelled,2877.17,S103,2026-01-15 05:54:00,user265@example.com,user265
U1266,2026-05-04,Clothing,3988.12,East,Delhi,52,Basic,Pending,1882.18,S104,2026-05-20 02:02:00,,user266
U1267,2026-05-24,Groceries,3338.84,East,Mumbai,37,Basic,Cancelled,2259.4,S103,2026-03-30 00:43:00,user267@example.com,user267
U1268,2026-03-01,Sports,4277.59,South,Jaipur,39,Premium,Cancelled,1413.93,S105,2026-02-13 23:31:00,user268@example.com,user268
U1269,2026-05-27,Electronics,1619.44,South,Delhi,24,Basic,Cancelled,2388.93,S105,2026-01-28 16:43:00,user269@example.com,user269
U1270,2026-06-26,Furniture,2342.44,East,Mumbai,35,Premium,Pending,1640.66,S101,2026-01-01 02:27:00,user270@example.com,user270
U1271,2026-02-14,Sports,2339.9,South,Delhi,48,Premium,Pending,1935.85,S105,2026-04-23 22:28:00,user271@example.com,user271
U1272,2026-06-30,Sports,4381.24,South,Mumbai,59,Premium,Cancelled,1479.03,S104,2026-03-02 14:27:00,user272@example.com,user272
U1273,2026-04-30,Groceries,1258.66,North,Jaipur,57,Basic,Pending,2232.14,S103,2026-01-31 16:30:00,user273@example.com,user273
U1274,2026-04-02,Sports,1671.95,North,Delhi,54,Premium,Cancelled,2033.35,S103,2026-06-04 20:51:00,user274@example.com,user274
U1275,2026-02-09,Electronics,4651.63,North,Mumbai,55,Premium,Cancelled,1139.34,S103,2026-03-21 06:15:00,user275@example.com,user275
U1276,2026-03-22,Sports,794.8,South,Mumbai,22,Basic,Pending,690.46,S105,2026-05-26 06:56:00,user276@example.com,user276
U1277,2026-03-05,Groceries,534.42,North,Pune,37,Premium,Cancelled,1563.5,S102,2026-03-22 16:27:00,,user277
U1278,2026-01-13,Clothing,331.12,West,Jaipur,57,Premium,Completed,,S102,2026-05-06 12:47:00,user278@example.com,user278
U1279,2026-05-02,Sports,651.02,North,Jaipur,21,Basic,Cancelled,1235.99,S105,2026-06-10 14:54:00,user279@example.com,user279
U1280,2026-03-22,Electronics,1302.01,North,Jaipur,35,Premium,Completed,791.48,S105,2026-06-21 23:51:00,user280@example.com,user280
U1281,2026-01-12,Electronics,251.94,South,Jaipur,36,Basic,Pending,708.91,S102,2026-02-05 01:36:00,user281@example.com,user281
U1282,2026-03-31,Furniture,1872.15,North,Delhi,27,Premium,Pending,216.39,S102,2026-01-04 16:27:00,user282@example.com,user282
U1283,2026-05-06,Sports,4402.93,South,Pune,52,Basic,Pending,896.46,S101,2026-02-12 11:32:00,user283@example.com,user283
U1284,2026-05-26,Groceries,693.83,South,Jaipur,19,Basic,Cancelled,1402.36,S105,2026-06-14 13:52:00,user284@example.com,user284
U1285,2026-04-04,Groceries,3886.86,North,Delhi,40,Basic,Cancelled,1561.29,S101,2026-01-05 11:52:00,user285@example.com,user285
U1286,2026-01-08,Sports,3596.01,North,Jaipur,51,Premium,Completed,340.67,S102,2026-01-29 04:39:00,user286@example.com,user286
U1287,2026-04-29,Sports,2003.22,South,Pune,42,Premium,Cancelled,1693.71,S105,2026-04-14 03:30:00,user287@example.com,user287
U1288,2026-05-07,Groceries,2700.11,East,Pune,27,Basic,Completed,1691.64,S104,2026-04-14 06:42:00,user288@example.com,user288
U1289,2026-06-07,Electronics,2650.16,East,Jaipur,54,Premium,Cancelled,1566.16,S101,2026-04-23 08:55:00,user289@example.com,user289
U1290,2026-02-07,Groceries,3450.12,West,Jaipur,49,Basic,Cancelled,2818.22,S104,2026-02-19 08:15:00,user290@example.com,user290
U1291,2026-04-11,Groceries,3894.67,East,Jaipur,25,Basic,Cancelled,332.86,S103,2026-05-12 23:30:00,user291@example.com,user291
U1292,2026-01-03,Clothing,3894.09,South,Pune,21,Premium,Pending,2263.07,S105,2026-06-17 11:07:00,user292@example.com,user292
U1293,2026-01-21,Groceries,2869.24,West,Pune,42,Premium,Pending,79.29,S105,2026-06-19 07:37:00,user293@example.com,user293
U1294,2026-05-05,Electronics,3945.17,South,Pune,45,Basic,Cancelled,1148.37,S101,2026-01-09 16:22:00,user294@example.com,user294
U1295,2026-05-14,Clothing,2996.85,East,Jaipur,34,Premium,Pending,2978.04,S102,2026-05-13 22:16:00,user295@example.com,user295
U1296,2026-02-18,Furniture,2993.87,South,Jaipur,32,Basic,Cancelled,1251.9,S101,2026-04-16 19:04:00,user296@example.com,user296
U1297,2026-04-20,Sports,3405.63,East,Delhi,21,Premium,Completed,1716.61,S105,2026-04-14 21:42:00,user297@example.com,user297
U1298,2026-01-02,Groceries,3167.82,West,Jaipur,35,Premium,Completed,1743.38,S105,2026-05-15 20:07:00,user298@example.com,user298
U1299,2026-03-07,Groceries,1904.65,North,Delhi,49,Premium,Completed,836.19,S101,2026-06-21 00:53:00,user299@example.com,user299
U1300,2026-02-23,Groceries,3502.99,West,Jaipur,57,Basic,Completed,1868.58,S105,2026-01-29 12:26:00,user300@example.com,user300
U1301,2026-05-09,Furniture,2529.95,East,Delhi,49,Premium,Cancelled,1182.1,S101,2026-05-27 21:47:00,user301@example.com,user301
U1302,2026-04-17,Clothing,193.96,North,Pune,44,Premium,Pending,1766.57,S103,2026-05-26 07:22:00,user302@example.com,user302
U1303,2026-06-06,Sports,476.26,East,Jaipur,22,Basic,Pending,855.92,S103,2026-04-16 20:46:00,user303@example.com,user303
U1304,2026-02-24,Sports,1803.6,East,Jaipur,49,Basic,Cancelled,1188.35,S104,2026-04-15 08:36:00,user304@example.com,user304
U1305,2026-05-27,Groceries,1178.81,East,Jaipur,20,Premium,Completed,447.03,S105,2026-01-19 12:30:00,user305@example.com,user305
U1306,2026-01-10,Electronics,1545.41,East,Jaipur,22,Basic,Completed,1342.94,S101,2026-03-20 00:21:00,user306@example.com,user306
U1307,2026-02-10,Electronics,1795.37,East,Mumbai,38,Premium,Completed,464.89,S101,2026-01-09 15:00:00,user307@example.com,user307
U1308,2026-06-27,Furniture,641.51,South,Delhi,34,Premium,Pending,502.2,S103,2026-01-14 23:57:00,user308@example.com,user308
U1309,2026-05-22,Sports,1518.22,West,Jaipur,36,Premium,Pending,2164.53,S101,2026-02-17 04:56:00,user309@example.com,user309
U1310,2026-04-29,Groceries,3334.07,East,Jaipur,35,Basic,,441.01,S105,2026-04-09 14:00:00,user310@example.com,user310
U1311,2026-05-03,Clothing,4624.64,North,Jaipur,36,Premium,Pending,1051.51,S104,2026-02-08 07:29:00,user311@example.com,user311
U1312,2026-02-18,Clothing,227.11,South,Jaipur,55,Basic,Pending,1594.99,S101,2026-03-20 10:19:00,user312@example.com,user312
U1313,2026-01-13,Sports,312.88,South,Jaipur,26,Basic,Pending,2993.6,S101,2026-04-20 13:16:00,user313@example.com,user313
U1314,2026-01-16,Groceries,4732.89,East,Jaipur,41,Premium,Pending,2627.15,S104,2026-06-22 19:29:00,user314@example.com,user314
U1315,2026-04-13,Clothing,1686.34,North,Jaipur,38,Premium,Pending,2688.83,S101,2026-03-23 00:26:00,user315@example.com,user315
U1316,2026-04-17,Clothing,347.96,East,Mumbai,49,Basic,Pending,668.54,S103,2026-06-19 12:34:00,user316@example.com,user316
U1317,2026-05-30,Sports,1847.59,West,Delhi,29,Premium,Pending,,S102,2026-01-10 17:25:00,user317@example.com,user317
U1318,2026-06-22,Groceries,2929.64,South,Jaipur,21,Premium,Completed,351.71,S102,2026-04-19 18:07:00,user318@example.com,user318
U1319,2026-06-07,Sports,4166.95,North,Jaipur,52,Premium,Completed,,S105,2026-05-19 12:58:00,user319@example.com,user319
U1320,2026-04-12,Electronics,4793.45,South,Jaipur,36,Premium,Completed,830.4,S105,2026-01-21 08:26:00,user320@example.com,user320
U1321,2026-04-29,Groceries,409.04,South,Jaipur,29,Basic,Pending,2570.94,S101,2026-01-10 21:17:00,user321@example.com,user321
U1322,2026-01-20,Clothing,2490.92,West,Jaipur,37,Basic,Completed,2042.46,S105,2026-03-06 14:11:00,user322@example.com,user322
U1323,2026-03-07,Electronics,4383.17,West,Mumbai,56,Basic,Pending,1125.93,S102,2026-04-19 11:46:00,user323@example.com,user323
U1324,2026-04-24,Clothing,3505.28,West,Delhi,59,Premium,Cancelled,2454.84,S101,2026-01-12 05:07:00,user324@example.com,user324
U1325,2026-02-22,Clothing,3357.93,East,Mumbai,59,Basic,,1747.33,S101,2026-04-28 08:56:00,user325@example.com,user325
U1326,2026-05-30,Clothing,2247.59,South,Jaipur,27,Premium,Cancelled,2451.63,S101,2026-06-03 11:05:00,user326@example.com,user326
U1327,2026-02-28,Groceries,1329.5,East,Pune,31,Basic,Pending,413.72,S102,2026-01-19 16:34:00,user327@example.com,user327
U1328,2026-03-28,Electronics,2955.51,North,Pune,31,Premium,Pending,,S101,2026-04-21 03:55:00,user328@example.com,user328
U1329,2026-01-17,Electronics,633.91,South,Delhi,24,Premium,Pending,267.5,S104,2026-06-01 16:48:00,user329@example.com,user329
U1330,2026-04-25,Clothing,4078.08,North,Jaipur,24,Premium,Completed,1876.01,S105,2026-04-28 09:04:00,user330@example.com,user330
U1331,2026-06-02,Groceries,904.09,West,Mumbai,24,Premium,Pending,102.98,S101,2026-03-15 05:20:00,user331@example.com,user331
U1332,2026-01-26,Clothing,2130.51,South,Jaipur,38,Premium,Completed,1373.35,S101,01/2026/03/04,user332@example.com,user332
U1333,2026-01-22,Sports,3866.35,North,Delhi,42,Premium,Completed,2252.81,S103,2026-01-10 02:49:00,user333@example.com,user333
U1334,2026-06-15,Sports,3941.91,North,Mumbai,26,Basic,Completed,318.04,S103,2026-06-17 05:18:00,user334@example.com,user334
U1335,2026-06-28,Clothing,4508.21,North,Delhi,53,Basic,Pending,2017.26,S101,2026-04-12 18:22:00,user335@example.com,user335
U1336,2026-06-11,Sports,2700.0,South,Pune,58,Premium,Cancelled,1426.77,S102,2026-01-17 22:04:00,user336@example.com,user336
U1337,2026-01-07,Clothing,3386.97,West,Jaipur,18,Premium,Pending,2414.48,S102,2026-04-23 14:42:00,user337@example.com,
U1338,2026-06-19,Sports,1960.79,South,Jaipur,53,Basic,Cancelled,2454.6,S102,2026-01-07 16:48:00,user338@example.com,user338
U1339,2026-06-27,Sports,3365.19,North,Pune,43,Basic,Completed,617.01,S102,2026-03-26 09:47:00,user339@example.com,user339
U1340,2026-05-30,Groceries,4268.16,East,Delhi,56,Basic,Cancelled,2182.87,S105,2026-03-12 19:36:00,user340@example.com,user340
U1341,2026-04-11,Groceries,4153.77,South,Delhi,51,Basic,Completed,952.36,S103,2026-04-26 07:58:00,user341@example.com,user341
U1342,2026-05-13,Sports,4147.8,North,Jaipur,36,Premium,Pending,1271.38,S103,2026-01-28 16:53:00,user342@example.com,
U1343,2026-04-19,Groceries,955.54,North,Delhi,60,Premium,Completed,2131.77,S105,2026-03-24 19:32:00,user343@example.com,user343
U1344,2026-06-30,Furniture,4237.37,West,Delhi,18,Basic,Pending,470.69,S105,2026-06-16 14:32:00,user344@example.com,user344
U1345,2026-04-08,Groceries,3741.8,East,Mumbai,19,Premium,Pending,1308.43,S103,2026-03-05 19:22:00,user345@example.com,user345
U1346,2026-05-15,Clothing,4418.57,South,Jaipur,59,Basic,Completed,877.61,S104,2026-03-07 08:07:00,user346@example.com,user346
U1347,2026-03-01,Clothing,879.8,West,Jaipur,40,Premium,Cancelled,412.67,S105,2026-01-13 07:31:00,user347@example.com,user347
U1348,2026-03-09,Groceries,3689.77,South,Jaipur,52,Basic,Pending,575.22,S101,2026-03-06 19:59:00,user348@example.com,user348
U1349,2026-04-18,Groceries,4168.53,West,Mumbai,58,Basic,Completed,1855.36,S104,2026-06-07 00:34:00,user349@example.com,user349
U1350,2026-02-03,Furniture,3461.67,North,Jaipur,44,Premium,Completed,1368.79,S101,2026-03-14 17:54:00,user350@example.com,user350
U1351,2026-01-12,Electronics,1331.47,West,Jaipur,33,Basic,Completed,247.73,S102,2026-06-22 08:09:00,user351@example.com,user351
U1352,2026-04-09,Clothing,4474.44,South,Jaipur,54,Premium,Completed,424.98,S101,2026-06-29 06:27:00,user352@example.com,user352
U1353,2026-04-07,Sports,572.21,South,Mumbai,24,Basic,Completed,1046.34,S101,2026-06-01 09:40:00,user353@example.com,user353
U1354,2026-03-28,Sports,2710.01,East,Delhi,53,Basic,Pending,2447.25,S102,2026-01-24 19:37:00,user354@example.com,user354
U1355,2026-04-17,Groceries,1685.9,North,Delhi,29,Basic,Pending,736.77,S101,2026-03-06 10:34:00,user355@example.com,user355
U1356,2026-01-04,Clothing,1536.94,North,Delhi,38,Premium,Cancelled,1109.39,S105,2026-05-20 05:57:00,user356@example.com,user356
U1357,2026-02-19,Sports,517.67,South,Delhi,59,Basic,Cancelled,152.07,S105,2026-01-16 18:23:00,user357@example.com,user357
U1358,2026-05-02,Sports,555.97,East,Delhi,23,Premium,Completed,1504.38,S103,2026-05-18 10:57:00,user358@example.com,user358
U1359,2026-01-12,Groceries,2539.9,South,Mumbai,23,Premium,Pending,1441.53,S101,2026-03-06 19:14:00,user359@example.com,user359
U1360,2026-05-26,Sports,2035.35,West,Pune,55,Basic,Pending,,S102,2026-01-29 22:17:00,user360@example.com,user360
U1361,2026-05-26,Sports,4357.03,East,Pune,37,Basic,Pending,1061.5,S103,2026-02-06 18:01:00,user361@example.com,user361
U1362,2026-03-28,Groceries,4614.05,West,Jaipur,60,Basic,Completed,985.55,S102,2026-05-01 19:28:00,user362@example.com,user362
U1363,2026-03-30,Furniture,3883.65,East,Delhi,60,Basic,Completed,2129.15,S105,2026-01-17 17:37:00,user363@example.com,user363
U1364,2026-06-04,Groceries,4878.58,South,Jaipur,53,Basic,Completed,761.75,S102,2026-04-01 10:29:00,user364@example.com,user364
U1365,2026-02-14,Electronics,3126.34,South,Delhi,38,Basic,Completed,2011.67,S103,2026-06-18 16:27:00,user365@example.com,user365
U1366,2026-02-08,Electronics,1361.4,North,Pune,53,Premium,Cancelled,2247.03,S102,2026-05-19 12:25:00,user366@example.com,user366
U1367,2026-01-20,Furniture,4205.04,North,Pune,55,Premium,Cancelled,1860.04,S105,2026-05-18 14:03:00,user367@example.com,user367
U1368,2026-04-01,Electronics,3813.47,South,Jaipur,48,Basic,Cancelled,2954.66,S103,2026-03-16 00:39:00,user368@example.com,user368
U1369,2026-02-19,Sports,1057.26,South,Jaipur,24,Premium,,2483.45,S103,2026-01-17 08:46:00,user369@example.com,user369
U1370,2026-05-19,Groceries,1894.24,West,Jaipur,55,Premium,Completed,2915.02,S105,2026-04-30 02:02:00,user370@example.com,user370
U1371,2026-06-22,Groceries,357.55,West,Jaipur,58,Basic,Completed,661.5,S102,2026-05-29 18:29:00,user371@example.com,user371
U1372,2026-01-22,Electronics,1593.52,North,Delhi,42,Premium,Cancelled,139.56,S105,2026-02-01 01:55:00,,user372
U1373,2026-01-28,Clothing,4875.46,South,Delhi,26,Premium,Pending,498.24,S105,2026-04-25 12:16:00,user373@example.com,user373
U1374,2026-03-06,Groceries,2449.25,East,Jaipur,37,Basic,Pending,2535.74,S105,2026-06-25 14:42:00,user374@example.com,user374
U1375,2026-03-07,Clothing,1045.02,West,Jaipur,31,Basic,Cancelled,355.54,S103,2026-01-21 12:54:00,user375@example.com,user375
U1376,2026-06-15,Sports,3418.47,West,Jaipur,44,Premium,Completed,2053.6,S102,2026-03-06 00:37:00,user376@example.com,user376
U1377,2026-04-19,Electronics,1521.75,North,Jaipur,48,Basic,Pending,2668.17,S104,2026-03-10 13:27:00,user377@example.com,user377
U1378,2026-02-26,Groceries,1447.2,West,Jaipur,47,Basic,Pending,2489.99,S101,2026-04-06 04:47:00,user378@example.com,
U1379,2026-04-01,Sports,2363.58,West,Jaipur,47,Basic,Pending,854.8,S103,2026-03-30 06:01:00,user379@example.com,user379
U1380,2026-06-18,Clothing,615.7,West,Pune,41,Premium,Completed,1098.67,S103,2026-01-09 02:40:00,user380@example.com,user380
U1381,2026-02-05,Electronics,1481.86,North,Pune,22,Premium,Pending,2272.84,S102,2026-06-05 03:22:00,user381@example.com,user381
U1382,2026-04-27,Groceries,3751.88,East,Delhi,42,Basic,Completed,2080.69,S102,2026-03-17 15:25:00,user382@example.com,user382
U1383,2026-01-21,Furniture,3035.54,South,Delhi,19,Basic,Completed,1618.45,S104,2026-04-08 18:47:00,user383@example.com,user383
U1384,2026-05-24,Furniture,4020.9,East,Jaipur,33,Premium,Completed,719.06,S105,2026-06-08 03:18:00,user384@example.com,
U1385,2026-01-27,Electronics,1232.6,South,Mumbai,44,Basic,Cancelled,2580.99,S102,2026-01-21 16:55:00,user385@example.com,user385
U1386,2026-01-11,Furniture,2635.25,West,Delhi,23,Basic,Pending,,S102,2026-01-03 07:09:00,user386@example.com,user386
U1387,2026-05-17,Clothing,800.23,North,Pune,29,Basic,Cancelled,1380.21,S102,2026-03-22 08:43:00,user387@example.com,user387
U1388,2026-01-22,Groceries,2828.88,North,Mumbai,54,Basic,,334.4,S103,2026-01-13 10:27:00,user388@example.com,user388
U1389,2026-05-25,Furniture,893.78,North,Delhi,33,Premium,Pending,2534.74,S105,2026-05-23 14:30:00,user389@example.com,user389
U1390,2026-05-21,Electronics,2317.58,North,Jaipur,33,Basic,Cancelled,1981.78,S103,2026-05-20 22:34:00,user390@example.com,user390
U1391,2026-04-24,Sports,1156.7,North,Mumbai,48,Basic,Completed,443.2,S105,2026-04-28 01:52:00,user391@example.com,user391
U1392,2026-01-28,Groceries,2811.29,West,Jaipur,21,Premium,Pending,1199.78,S104,2026-05-02 03:24:00,user392@example.com,user392
U1393,2026-05-28,Sports,1909.7,North,Jaipur,57,Premium,Cancelled,2241.24,S103,2026-01-28 04:43:00,user393@example.com,user393
U1394,2026-06-21,Furniture,4759.54,North,Delhi,30,Basic,Completed,2627.75,S103,2026-04-14 06:01:00,user394@example.com,user394
U1395,2026-02-12,Clothing,140.28,North,Jaipur,60,Premium,Pending,2314.66,S103,2026-05-09 09:12:00,user395@example.com,user395
U1396,2026-02-26,Groceries,3266.63,South,Delhi,57,Basic,Completed,1427.31,S105,2026-01-18 20:31:00,user396@example.com,user396
U1397,2026-01-30,Electronics,1821.39,West,Mumbai,36,Premium,Cancelled,339.74,S104,2026-03-13 08:18:00,user397@example.com,user397
U1398,2026-03-21,Groceries,3239.34,West,Jaipur,51,Premium,Completed,2841.74,S102,2026-05-15 06:38:00,user398@example.com,user398
U1399,2026-03-24,Sports,1625.63,North,Mumbai,34,Basic,Completed,426.05,S103,2026-05-12 19:45:00,user399@example.com,user399
U1400,2026-02-12,Groceries,4766.53,South,Jaipur,54,Premium,Cancelled,2373.74,S101,2026-05-17 14:37:00,user400@example.com,user400
U1401,2026-06-12,Clothing,557.29,West,Jaipur,27,Premium,Pending,769.48,S104,2026-01-23 19:09:00,user401@example.com,user401
U1402,2026-02-26,Sports,192.47,West,Jaipur,58,Basic,Cancelled,2788.68,S101,01/2026/01/26,user402@example.com,user402
U1403,2026-04-11,Electronics,282.51,South,Jaipur,22,Premium,Pending,589.55,S101,01/2026/03/04,,user403
U1404,2026-06-03,Sports,2574.47,North,Pune,34,Basic,Completed,617.65,S101,2026-01-18 21:27:00,user404@example.com,user404
U1405,2026-06-29,Furniture,2237.0,North,Delhi,46,Basic,Completed,443.96,S102,2026-06-16 17:40:00,user405@example.com,user405
U1406,2026-02-12,Clothing,2165.14,North,Mumbai,45,Basic,Pending,2037.99,S104,2026-02-03 12:40:00,user406@example.com,user406
U1407,2026-01-19,Sports,551.7,South,Delhi,39,Basic,Pending,2085.28,S102,2026-03-02 09:39:00,user407@example.com,user407
U1408,2026-03-28,Sports,3173.47,North,Delhi,60,Premium,Completed,87.86,S103,2026-05-28 21:18:00,user408@example.com,user408
U1409,2026-04-28,Sports,3936.34,West,Jaipur,21,Basic,Cancelled,1810.97,S103,2026-02-11 00:12:00,user409@example.com,user409
U1410,2026-02-27,Groceries,2132.34,East,Mumbai,42,Basic,Completed,526.24,S102,2026-01-11 17:11:00,user410@example.com,user410
U1411,2026-06-15,Sports,1568.75,East,Delhi,54,Premium,Pending,892.42,S103,2026-05-11 11:39:00,user411@example.com,user411
U1412,2026-04-07,Sports,2724.23,North,Pune,49,Basic,Pending,719.69,S102,2026-03-08 21:16:00,user412@example.com,user412
U1413,2026-02-05,Furniture,2129.8,South,Delhi,44,Premium,Cancelled,353.15,S101,2026-06-22 20:37:00,user413@example.com,user413
U1414,2026-01-06,Clothing,929.07,East,Mumbai,27,Basic,Completed,1298.22,S103,2026-06-12 09:28:00,,user414
U1415,2026-02-18,Groceries,4967.99,East,Mumbai,58,Basic,Cancelled,1266.25,S105,2026-02-26 12:29:00,user415@example.com,user415
U1416,2026-04-25,Clothing,962.81,East,Mumbai,31,Premium,Completed,,S102,2026-03-13 00:18:00,user416@example.com,user416
U1417,2026-04-15,Electronics,995.34,West,Delhi,18,Basic,Completed,,S103,2026-01-20 11:53:00,user417@example.com,user417
U1418,2026-01-10,Sports,4481.44,North,Mumbai,48,Premium,Pending,2589.75,S104,2026-03-28 16:13:00,user418@example.com,user418
U1419,2026-03-03,Furniture,3308.36,North,Delhi,39,Premium,Completed,1548.16,S101,2026-04-28 02:06:00,user419@example.com,user419
U1420,2026-06-03,Furniture,2764.2,East,Jaipur,18,Basic,Cancelled,2808.83,S104,2026-06-27 00:13:00,user420@example.com,user420
U1421,2026-05-04,Clothing,4653.33,West,Delhi,19,Basic,Pending,920.82,S102,2026-05-08 10:41:00,user421@example.com,user421
U1422,2026-01-27,Clothing,1739.34,South,Pune,21,Basic,Cancelled,2301.86,S105,2026-03-09 12:52:00,user422@example.com,user422
U1423,2026-06-01,Clothing,1294.73,South,Delhi,52,Premium,Pending,485.61,S102,2026-06-28 22:25:00,user423@example.com,user423
U1424,2026-01-19,Sports,3189.55,East,Delhi,53,Premium,Pending,1044.9,S105,2026-01-08 13:05:00,user424@example.com,user424
U1425,2026-04-27,Groceries,3911.24,West,Delhi,60,Basic,Cancelled,2173.79,S105,2026-04-22 21:56:00,user425@example.com,user425
U1426,2026-06-22,Furniture,900.17,East,Mumbai,48,Basic,Cancelled,161.99,S105,2026-04-10 15:46:00,user426@example.com,user426
U1427,2026-06-23,Groceries,2461.03,North,Mumbai,18,Premium,,978.36,S103,2026-02-10 09:36:00,user427@example.com,user427
U1428,2026-03-01,Furniture,289.67,North,Pune,18,Basic,Pending,817.25,S103,2026-06-23 20:17:00,user428@example.com,user428
U1429,2026-06-17,Electronics,2445.28,South,Mumbai,19,Premium,Completed,2088.38,S103,2026-04-26 20:45:00,user429@example.com,user429
U1430,2026-04-02,Groceries,2857.68,South,Jaipur,48,Premium,Completed,1233.55,S102,2026-04-11 08:04:00,user430@example.com,user430
U1431,2026-02-25,Clothing,3968.72,West,Jaipur,38,Basic,Cancelled,2628.63,S101,2026-03-04 18:54:00,user431@example.com,user431
U1432,2026-02-15,Electronics,123.47,West,Mumbai,21,Premium,Pending,2504.74,S105,2026-01-25 11:51:00,user432@example.com,user432
U1433,2026-05-17,Furniture,137.24,North,Jaipur,29,Basic,Cancelled,1842.82,S105,2026-01-29 23:44:00,user433@example.com,user433
U1434,2026-05-13,Electronics,114.87,West,Jaipur,34,Basic,Cancelled,2111.36,S105,2026-01-17 00:09:00,user434@example.com,user434
U1435,2026-01-18,Furniture,1167.21,North,Jaipur,55,Basic,Pending,516.07,S103,2026-02-15 21:30:00,user435@example.com,user435
U1436,2026-03-29,Clothing,1808.11,North,Delhi,46,Premium,Completed,2691.52,S101,2026-03-02 19:10:00,user436@example.com,user436
U1437,2026-05-16,Furniture,1742.48,West,Mumbai,25,Premium,Pending,1054.28,S104,2026-01-23 00:45:00,user437@example.com,user437
U1438,2026-04-07,Sports,230.79,West,Jaipur,24,Basic,Completed,2582.15,S105,2026-01-31 00:51:00,user438@example.com,user438
U1439,2026-05-15,Groceries,1428.22,North,Delhi,20,Premium,Pending,327.96,S103,2026-06-23 21:25:00,user439@example.com,user439
U1440,2026-05-10,Clothing,564.33,West,Jaipur,45,Premium,Pending,2353.5,S105,2026-04-02 23:09:00,user440@example.com,
U1441,2026-02-24,Clothing,3863.99,East,Delhi,59,Basic,Completed,863.12,S103,2026-01-20 06:56:00,user441@example.com,user441
U1442,2026-02-11,Electronics,4049.29,East,Jaipur,55,Premium,Completed,1971.49,S101,2026-02-26 20:45:00,user442@example.com,user442
U1443,2026-01-27,Furniture,749.59,North,Delhi,45,Premium,Cancelled,596.37,S104,2026-05-04 10:01:00,user443@example.com,user443
U1444,2026-03-14,Electronics,3717.06,West,Jaipur,49,Basic,Cancelled,2848.13,S104,2026-06-06 14:11:00,user444@example.com,user444
U1445,2026-03-13,Furniture,4684.96,South,Pune,59,Basic,Completed,522.69,S102,2026-06-21 09:50:00,user445@example.com,user445
U1446,2026-06-04,Groceries,4341.26,East,Jaipur,59,Premium,Completed,1000.23,S102,2026-02-19 21:37:00,user446@example.com,user446
U1447,2026-02-12,Electronics,2215.28,East,Jaipur,29,Premium,Cancelled,1096.14,S102,2026-04-28 01:50:00,user447@example.com,user447
U1448,2026-02-23,Clothing,1177.06,North,Delhi,35,Basic,Completed,2788.71,S105,01/2026/05/04,user448@example.com,user448
U1449,2026-06-26,Groceries,146.77,West,Mumbai,58,Basic,Cancelled,,S102,2026-05-17 15:10:00,user449@example.com,user449
U1450,2026-06-19,Sports,785.36,East,Delhi,20,Basic,Cancelled,809.25,S102,2026-06-07 21:03:00,user450@example.com,user450
U1451,2026-06-14,Electronics,4873.31,North,Delhi,45,Basic,Pending,1640.33,S101,2026-03-23 19:10:00,user451@example.com,user451
U1452,2026-06-26,Clothing,1871.12,East,Delhi,56,Premium,Completed,,S101,2026-02-24 14:23:00,user452@example.com,user452
U1453,2026-05-27,Clothing,2666.3,South,Jaipur,39,Premium,Completed,2020.16,S101,2026-01-17 14:39:00,user453@example.com,user453
U1454,2026-05-12,Sports,3069.85,East,Delhi,38,Premium,Cancelled,1285.28,S101,2026-06-03 17:58:00,user454@example.com,user454
U1455,2026-05-31,Groceries,3519.59,West,Delhi,57,Premium,Cancelled,1965.65,S101,2026-05-26 16:21:00,user455@example.com,user455
U1456,2026-02-27,Sports,2881.76,South,Jaipur,38,Basic,Completed,,S101,2026-05-22 15:38:00,user456@example.com,user456
U1457,2026-04-22,Clothing,4121.17,East,Jaipur,50,Basic,Cancelled,2454.05,S104,2026-04-18 10:55:00,user457@example.com,user457
U1458,2026-03-05,Clothing,2639.74,East,Jaipur,31,Basic,Pending,1166.67,S103,2026-01-29 00:01:00,user458@example.com,user458
U1459,2026-03-04,Sports,1302.06,West,Jaipur,58,Premium,Pending,1927.2,S103,2026-02-27 12:06:00,user459@example.com,user459
U1460,2026-03-22,Groceries,4984.01,West,Delhi,58,Basic,Completed,651.11,S105,2026-05-14 10:15:00,user460@example.com,user460
U1461,2026-05-28,Sports,1723.98,East,Jaipur,59,Premium,Completed,,S103,2026-03-02 10:57:00,user461@example.com,user461
U1462,2026-01-08,Clothing,4840.16,North,Mumbai,34,Basic,Completed,1378.56,S105,2026-02-06 06:11:00,user462@example.com,user462
U1463,2026-06-22,Sports,4731.34,West,Jaipur,32,Premium,Pending,732.39,S102,2026-06-17 11:43:00,,user463
U1464,2026-01-16,Sports,796.93,East,Delhi,40,Basic,Completed,1676.76,S104,2026-02-17 14:54:00,user464@example.com,user464
U1465,2026-03-16,Groceries,184.73,North,Pune,54,Premium,Pending,1841.64,S103,2026-06-26 03:50:00,user465@example.com,user465
U1466,2026-03-14,Electronics,3212.98,North,Pune,33,Premium,Completed,2982.16,S102,2026-03-18 07:59:00,user466@example.com,user466
U1467,2026-01-21,Electronics,1308.07,South,Jaipur,51,Premium,,524.93,S105,2026-03-18 05:18:00,user467@example.com,user467
U1468,2026-02-08,Electronics,4392.41,South,Delhi,32,Basic,Completed,771.97,S105,2026-01-28 16:34:00,user468@example.com,user468
U1469,2026-06-18,Sports,1082.64,South,Pune,32,Premium,Cancelled,198.81,S101,2026-02-22 15:40:00,user469@example.com,user469
U1470,2026-04-20,Furniture,256.73,North,Delhi,59,Premium,Cancelled,1789.44,S105,2026-02-28 03:23:00,user470@example.com,user470
U1471,2026-03-12,Electronics,4917.98,West,Jaipur,37,Premium,,1976.01,S103,2026-06-07 20:16:00,user471@example.com,user471
U1472,2026-06-23,Groceries,2391.65,North,Jaipur,23,Premium,Cancelled,162.25,S103,2026-05-20 01:23:00,user472@example.com,
U1473,2026-01-11,Clothing,4413.0,East,Jaipur,55,Premium,Pending,2385.04,S105,2026-03-04 17:21:00,user473@example.com,user473
U1474,2026-03-04,Electronics,2130.05,South,Delhi,34,Basic,Pending,600.37,S102,2026-03-16 08:03:00,user474@example.com,user474
U1475,2026-06-13,Electronics,3726.22,West,Mumbai,22,Premium,Pending,1089.5,S104,2026-05-27 11:25:00,user475@example.com,user475
U1476,2026-03-24,Electronics,4079.92,South,Delhi,21,Basic,Pending,2404.15,S101,2026-05-23 01:08:00,user476@example.com,user476
U1477,2026-05-21,Furniture,1656.69,West,Delhi,36,Basic,Cancelled,2870.07,S104,2026-06-29 09:01:00,user477@example.com,user477
U1478,2026-04-27,Groceries,4248.65,West,Jaipur,24,Premium,Completed,1612.12,S103,2026-06-22 10:26:00,user478@example.com,user478
U1479,2026-02-27,Clothing,1275.48,West,Delhi,56,Premium,Cancelled,944.65,S102,2026-01-16 23:04:00,user479@example.com,user479
U1480,2026-01-01,Groceries,2974.53,West,Jaipur,39,Premium,Cancelled,255.04,S105,2026-02-22 04:03:00,,user480
U1447,2026-02-12,Electronics,2215.28,East,Jaipur,29,Premium,Cancelled,1096.14,S102,2026-04-28 01:50:00,user447@example.com,user447
U1073,2026-02-04,Clothing,4426.81,North,Delhi,19,Basic,Completed,2789.21,S105,2026-01-04 22:40:00,user73@example.com,user73
U1168,2026-04-28,Electronics,1520.22,West,Jaipur,49,Basic,Completed,2776.81,S104,2026-01-28 23:07:00,user168@example.com,user168
U1474,2026-03-04,Electronics,2130.05,South,Delhi,34,Basic,Pending,600.37,S102,2026-03-16 08:03:00,user474@example.com,user474
U1465,2026-03-16,Groceries,184.73,North,Pune,54,Premium,Pending,1841.64,S103,2026-06-26 03:50:00,user465@example.com,user465
U1380,2026-06-18,Clothing,615.7,West,Pune,41,Premium,Completed,1098.67,S103,2026-01-09 02:40:00,user380@example.com,user380
U1021,2026-03-22,Electronics,2772.21,East,Jaipur,38,Premium,Completed,,S105,2026-06-05 02:56:00,user21@example.com,user21
U1344,2026-06-30,Furniture,4237.37,West,Delhi,18,Basic,Pending,470.69,S105,2026-06-16 14:32:00,user344@example.com,user344
U1143,2026-05-07,Sports,392.66,South,Mumbai,60,Basic,Completed,2376.07,S102,2026-04-07 21:15:00,user143@example.com,user143
U1122,2026-01-26,Sports,3205.4,West,Jaipur,29,Basic,Pending,2922.09,S104,2026-03-31 02:37:00,user122@example.com,user122
U1450,2026-06-19,Sports,785.36,East,Delhi,20,Basic,Cancelled,809.25,S102,2026-06-07 21:03:00,user450@example.com,user450
U1121,2026-03-19,Electronics,1377.27,East,Mumbai,34,Basic,Cancelled,1520.24,S104,2026-04-30 14:17:00,user121@example.com,user121
U1036,2026-02-12,Electronics,594.22,North,Jaipur,50,Premium,Cancelled,2023.46,S101,2026-05-08 03:19:00,user36@example.com,user36
U1023,2026-06-24,Electronics,431.56,East,Jaipur,37,Basic,Completed,2324.78,S105,2026-01-10 01:13:00,user23@example.com,user23
U1307,2026-02-10,Electronics,1795.37,East,Mumbai,38,Premium,Completed,464.89,S101,2026-01-09 15:00:00,user307@example.com,user307
U1291,2026-04-11,Groceries,3894.67,East,Jaipur,25,Basic,Cancelled,332.86,S103,2026-05-12 23:30:00,user291@example.com,user291
U1466,2026-03-14,Electronics,3212.98,North,Pune,33,Premium,Completed,2982.16,S102,2026-03-18 07:59:00,user466@example.com,user466
U1259,2026-05-30,Clothing,2598.71,East,Pune,54,Premium,Completed,2866.04,S105,2026-06-04 08:10:00,user259@example.com,user259
U1089,2026-01-20,Electronics,4803.22,West,Jaipur,27,Basic,Cancelled,778.36,S102,2026-05-05 00:20:00,user89@example.com,user89
U1115,2026-03-02,Electronics,883.4,East,Jaipur,33,Basic,Completed,2069.57,S101,2026-04-04 20:51:00,user115@example.com,user115
