item_id,order_id,product_id,quantity,unit_price,discount_percent
ITEM0001,ORD99999,PROD0122,5,21040,94
ITEM0002,ORD0358,PROD0184,5,2048,90
ITEM0003,ORD0359,PROD0181,5,37136,18
ITEM0004,ORD0289,PROD0486,2,55033,63
ITEM0005,ORD0278,PROD0159,-2,32341,4
ITEM0006,ORD0047,PROD0029,2,39630,28
ITEM0007,ORD0011,PROD0270,4,244,42
ITEM0008,ORD0470,PROD0315,2,53051,16
ITEM0009,ORD0175,PROD0368,2,52787,41
ITEM0010,ORD0031,PROD0012,2,38644,90
ITEM0011,ORD0470,PROD0073,1,55674,67
ITEM0012,ORD0441,PROD0187,1,24683,90
ITEM0013,ORD0483,PROD0340,4,38605,12
ITEM0014,ORD0173,PROD0155,3,9142,20
ITEM0015,ORD0375,PROD0486,4,52094,81
ITEM0016,ORD0492,PROD0250,3,11616,90
ITEM0017,ORD0496,PROD0288,5,51776,45
ITEM0018,ORD0115,PROD0341,5,53576,22
ITEM0019,ORD0194,PROD0158,3,8545,22
ITEM0020,ORD0374,PROD0001,5,25863,98
ITEM0021,ORD0495,PROD0291,1,12132,77
ITEM0022,ORD0163,PROD0472,5,14676,81
ITEM0023,ORD0290,PROD0054,4,9417,42
ITEM0024,ORD0382,PROD0040,2,22928,40
ITEM0025,ORD0086,PROD0326,1,54048,90
ITEM0026,ORD0344,PROD0328,3,29470,1
ITEM0027,ORD0136,PROD0108,2,45627,8
ITEM0028,ORD0180,PROD0132,1,47413,0
ITEM0029,ORD0025,PROD0198,4,48210,53
ITEM0030,ORD0497,PROD0086,4,32514,48
ITEM0031,ORD0180,PROD0280,4,6847,61
ITEM0032,ORD0404,PROD0443,5,42861,97
ITEM0033,ORD0352,PROD0116,2,29775,9
ITEM0034,ORD0410,PROD0434,1,19527,2
ITEM0035,ORD0164,PROD0134,1,5062,43
ITEM0036,ORD0088,PROD0455,4,10745,93
ITEM0037,ORD0039,PROD0281,1,22347,76
ITEM0038,ORD0105,PROD0315,4,46370,3
ITEM0039,ORD0221,PROD0483,2,40001,55
ITEM0040,ORD0081,PROD0028,1,21898,26
ITEM0041,ORD0499,PROD0098,4,45891,70
ITEM0042,ORD0370,PROD0474,5,17584,84
ITEM0043,ORD0145,PROD0153,2,6485,6
ITEM0044,ORD0202,PROD0293,5,55240,62
ITEM0045,ORD0079,PROD0028,3,450,54
ITEM0046,ORD0045,PROD0151,5,31678,25
ITEM0047,ORD0050,PROD0014,2,11395,81
ITEM0048,ORD0150,PROD0362,1,31235,14
ITEM0049,ORD0158,PROD0402,4,31063,62
ITEM0050,ORD0459,PROD0339,3,6172,82
ITEM0051,ORD0279,PROD0199,2,24515,48
ITEM0052,ORD0190,PROD0096,4,3124,33
ITEM0053,ORD0226,PROD0239,3,15027,34
ITEM0054,ORD0289,PROD0032,2,49498,89
ITEM0055,ORD0342,PROD0050,1,43987,44
ITEM0056,ORD0414,PROD0278,4,49775,75
ITEM0057,ORD0117,PROD0284,1,55302,49
ITEM0058,ORD0420,PROD0268,4,35295,87
ITEM0059,ORD0444,PROD0480,4,37733,30
ITEM0060,ORD0244,PROD0154,1,26073,91
ITEM0061,ORD0018,PROD0258,5,59212,66
ITEM0062,ORD0410,PROD0293,5,9863,15
ITEM0063,ORD0487,PROD0388,4,11529,21
ITEM0064,ORD0498,PROD0109,2,8469,5
ITEM0065,ORD0217,PROD0041,4,13432,80
ITEM0066,ORD0076,PROD0428,5,17100,40
ITEM0067,ORD0467,PROD0373,1,5903,49
ITEM0068,ORD0285,PROD0204,5,21573,35
ITEM0069,ORD0267,PROD0235,1,51747,89
ITEM0070,ORD0320,PROD0301,5,51428,53
ITEM0071,ORD0058,PROD0213,2,9912,72
ITEM0072,ORD0302,PROD0299,1,7122,72
ITEM0073,ORD0400,PROD0052,3,57050,68
ITEM0074,ORD0451,PROD0177,4,17510,49
ITEM0075,ORD0336,PROD0249,5,40108,60
ITEM0076,ORD0020,PROD0089,3,26609,18
ITEM0077,ORD0317,PROD0312,4,2741,50
ITEM0078,ORD0456,PROD0451,3,45453,30
ITEM0079,ORD0026,PROD0382,4,17801,47
ITEM0080,ORD0011,PROD0173,3,20578,35
ITEM0081,ORD0432,PROD0252,1,57144,29
ITEM0082,ORD0069,PROD0154,4,50926,41
ITEM0083,ORD0138,PROD0374,4,39847,82
ITEM0084,ORD0046,PROD0097,4,14053,52
ITEM0085,ORD0380,PROD0249,5,57032,47
ITEM0086,ORD0421,PROD0029,5,52071,20
ITEM0087,ORD0034,PROD0160,5,26636,17
ITEM0088,ORD0400,PROD0436,5,57827,72
ITEM0089,ORD0015,PROD0089,2,57555,25
ITEM0090,ORD0429,PROD0030,2,2367,58
ITEM0091,ORD0026,PROD0471,3,46378,25
ITEM0092,ORD0141,PROD0189,4,33303,50
ITEM0093,ORD0326,PROD0473,1,44841,3
ITEM0094,ORD0124,PROD0191,4,39131,57
ITEM0095,ORD0091,PROD0492,4,38661,70
ITEM0096,ORD0180,PROD0177,2,55096,33
ITEM0097,ORD0384,PROD0426,1,18882,3
ITEM0098,ORD0198,PROD0026,2,56156,73
ITEM0099,ORD0400,PROD0495,2,56371,28
ITEM0100,ORD0332,PROD0116,2,17834,83
ITEM0101,ORD0210,PROD0263,1,56864,99
ITEM0102,ORD0496,PROD0393,1,31270,16
ITEM0103,ORD0332,PROD0089,5,52685,1
ITEM0104,ORD0115,PROD0130,5,52962,39
ITEM0105,ORD0365,PROD0496,3,27974,48
ITEM0106,ORD0437,PROD0179,4,16714,27
ITEM0107,ORD0239,PROD0155,5,54222,79
ITEM0108,ORD0204,PROD0300,1,681,65
ITEM0109,ORD0340,PROD0495,3,36995,82
ITEM0110,ORD0305,PROD0312,3,19760,87
ITEM0111,ORD0056,PROD0247,1,22238,35
ITEM0112,ORD0328,PROD0167,3,17314,83
ITEM0113,ORD0365,PROD0488,3,12544,19
ITEM0114,ORD0265,PROD0392,2,59161,7
ITEM0115,ORD0413,PROD0439,5,26682,84
ITEM0116,ORD0164,PROD0349,-2,47470,3
ITEM0117,ORD0336,PROD0255,3,17201,53
ITEM0118,ORD0208,PROD0199,1,38409,90
ITEM0119,ORD0451,PROD0293,2,22689,92
ITEM0120,ORD0366,PROD0114,5,42032,100
ITEM0121,ORD0244,PROD0465,3,33447,38
ITEM0122,ORD0433,PROD0088,5,12070,37
ITEM0123,ORD0050,PROD0242,2,48756,33
ITEM0124,ORD0372,PROD0414,5,50198,23
ITEM0125,ORD0485,PROD0349,3,43089,11
ITEM0126,ORD0114,PROD0182,2,48972,39
ITEM0127,ORD0216,PROD0404,3,24558,33
ITEM0128,ORD0300,PROD0151,4,55985,15
ITEM0129,ORD0241,PROD0028,5,38231,79
ITEM0130,ORD0037,PROD0242,2,32999,15
ITEM0131,ORD0445,PROD0349,4,34923,38
ITEM0132,ORD0212,PROD0028,2,9202,25
ITEM0133,ORD0176,PROD0210,5,58713,58
ITEM0134,ORD0074,PROD0162,2,51248,10
ITEM0135,ORD0250,PROD0171,2,20739,81
ITEM0136,ORD0030,PROD0003,4,18125,26
ITEM0137,ORD0390,PROD0397,2,37967,97
ITEM0138,ORD0082,PROD0251,1,8680,78
ITEM0139,ORD0223,PROD0325,4,26636,54
ITEM0140,ORD0495,PROD0245,4,505,4
ITEM0141,ORD0274,PROD0103,3,1122,41
ITEM0142,ORD0388,PROD0427,5,12689,2
ITEM0143,ORD0347,PROD0003,2,15028,88
ITEM0144,ORD0450,PROD0177,3,8649,13
ITEM0145,ORD0197,PROD0258,5,20261,21
ITEM0146,ORD0034,PROD0422,1,19742,37
ITEM0147,ORD0234,PROD0373,5,39283,67
ITEM0148,ORD0173,PROD0223,2,22661,62
ITEM0149,ORD0184,PROD0385,2,11005,51
ITEM0150,ORD0010,PROD0117,2,47855,16
ITEM0151,ORD0109,PROD0376,-1,38846,64
ITEM0152,ORD0087,PROD0064,3,46803,83
ITEM0153,ORD0406,PROD0020,4,57645,81
ITEM0154,ORD0131,PROD0395,5,41037,6
ITEM0155,ORD0305,PROD0451,1,43582,13
ITEM0156,ORD0335,PROD0429,1,3361,88
ITEM0157,ORD0060,PROD0214,4,25120,15
ITEM0158,ORD0281,PROD0130,4,46197,19
ITEM0159,ORD0106,PROD0356,1,19933,53
ITEM0160,ORD0339,PROD0052,5,17893,79
ITEM0161,ORD0311,PROD0359,2,27648,13
ITEM0162,ORD0262,PROD0369,5,7915,36
ITEM0163,ORD0059,PROD0402,1,32819,25
ITEM0164,ORD0312,PROD0103,3,54693,66
ITEM0165,ORD0499,PROD0104,3,46300,52
ITEM0166,ORD0152,PROD0083,1,36122,63
ITEM0167,ORD0467,PROD0107,4,21866,30
ITEM0168,ORD0002,PROD0007,1,59633,14
ITEM0169,ORD0428,PROD0294,4,9974,11
ITEM0170,ORD0400,PROD0262,1,47619,92
ITEM0171,ORD0052,PROD0464,3,42427,29
ITEM0172,ORD0234,PROD0378,3,17509,59
ITEM0173,ORD0026,PROD0052,2,57487,5
ITEM0174,ORD0437,PROD0149,3,52733,86
ITEM0175,ORD0161,PROD0219,1,6425,97
ITEM0176,ORD0456,PROD0024,1,56036,17
ITEM0177,ORD0340,PROD0332,2,21739,45
ITEM0178,ORD0458,PROD0225,5,17783,93
ITEM0179,ORD0048,PROD0191,3,12184,14
ITEM0180,ORD0206,PROD0205,4,18014,49
ITEM0181,ORD0354,PROD0436,4,52622,53
ITEM0182,ORD0333,PROD0454,2,7609,16
ITEM0183,ORD0357,PROD0372,1,55535,20
ITEM0184,ORD0054,PROD0214,5,31832,72
ITEM0185,ORD0348,PROD0225,2,40263,48
ITEM0186,ORD0399,PROD0184,5,2088,87
ITEM0187,ORD0451,PROD0430,2,31859,62
ITEM0188,ORD0058,PROD0455,4,29080,5
ITEM0189,ORD0033,PROD0134,3,1010,90
ITEM0190,ORD0445,PROD0348,5,50500,95
ITEM0191,ORD0296,PROD0371,5,14879,85
ITEM0192,ORD0448,PROD0174,5,34482,88
ITEM0193,ORD0359,PROD0317,1,28567,84
ITEM0194,ORD0373,PROD0128,4,22859,84
ITEM0195,ORD0347,PROD0329,4,9942,71
ITEM0196,ORD0457,PROD0395,5,3776,1
ITEM0197,ORD0330,PROD0479,2,33332,60
ITEM0198,ORD0437,PROD0254,2,5106,96
ITEM0199,ORD0252,PROD0165,2,21885,35
ITEM0200,ORD0026,PROD0260,2,36277,82
ITEM0201,ORD0194,PROD0207,2,5366,58
ITEM0202,ORD0228,PROD0411,5,29566,11
ITEM0203,ORD0439,PROD0256,4,20913,15
ITEM0204,ORD0375,PROD0255,1,6926,51
ITEM0205,ORD0212,PROD0019,5,36185,0
ITEM0206,ORD0423,PROD0047,5,40771,81
ITEM0207,ORD0156,PROD0456,5,37053,26
ITEM0208,ORD0336,PROD0344,4,22538,46
ITEM0209,ORD0423,PROD0028,2,55533,58
ITEM0210,ORD0170,PROD0287,5,39518,60
ITEM0211,ORD0367,PROD0337,3,47118,57
ITEM0212,ORD0059,PROD0050,2,343,43
ITEM0213,ORD0182,PROD0425,3,36093,66
ITEM0214,ORD0192,PROD0360,1,3200,21
ITEM0215,ORD0253,PROD0072,4,7209,32
ITEM0216,ORD0313,PROD0101,2,8113,50
ITEM0217,ORD0111,PROD0235,2,47175,43
ITEM0218,ORD0056,PROD0388,4,3247,81
ITEM0219,ORD0429,PROD0345,5,8275,98
ITEM0220,ORD0457,PROD0231,4,43352,75
ITEM0221,ORD0490,PROD0259,2,32891,0
ITEM0222,ORD0272,PROD0377,1,36456,55
ITEM0223,ORD0430,PROD0300,4,33514,99
ITEM0224,ORD0472,PROD0467,2,45538,74
ITEM0225,ORD0089,PROD0375,2,6986,49
ITEM0226,ORD0337,PROD0308,5,58048,41
ITEM0227,ORD0259,PROD0452,4,27637,77
ITEM0228,ORD0469,PROD0355,2,18130,50
ITEM0229,ORD0494,PROD0176,3,29877,17
ITEM0230,ORD0071,PROD0212,5,46076,95
ITEM0231,ORD0263,PROD0154,5,56607,40
ITEM0232,ORD0365,PROD0378,5,41656,27
ITEM0233,ORD0103,PROD0108,5,47017,37
ITEM0234,ORD0352,PROD0177,2,46756,83
ITEM0235,ORD0500,PROD0491,2,33223,69
ITEM0236,ORD0356,PROD0327,3,46753,14
ITEM0237,ORD0390,PROD0181,5,31681,74
ITEM0238,ORD0293,PROD0483,4,44387,95
ITEM0239,ORD0458,PROD0431,5,18938,54
ITEM0240,ORD0414,PROD0007,5,7177,3
ITEM0241,ORD0196,PROD0075,1,44125,7
ITEM0242,ORD0103,PROD0137,2,18983,87
ITEM0243,ORD0129,PROD0075,1,45458,100
ITEM0244,ORD0152,PROD0105,5,2317,45
ITEM0245,ORD0417,PROD0232,1,40577,86
ITEM0246,ORD0379,PROD0288,2,48854,82
ITEM0247,ORD0288,PROD0200,2,33683,100
ITEM0248,ORD0408,PROD0409,3,45612,85
ITEM0249,ORD0025,PROD0475,4,25598,53
ITEM0250,ORD0490,PROD0404,3,36384,6
ITEM0251,ORD0007,PROD0381,3,13509,79
ITEM0252,ORD0445,PROD0400,4,54593,28
ITEM0253,ORD0467,PROD0325,3,49686,75
ITEM0254,ORD0280,PROD0379,5,13075,99
ITEM0255,ORD0372,PROD0494,2,19479,57
ITEM0256,ORD0091,PROD0156,1,12453,22
ITEM0257,ORD0377,PROD0264,1,24920,5
ITEM0258,ORD0220,PROD0143,5,17517,16
ITEM0259,ORD0083,PROD0300,3,569,42
ITEM0260,ORD0239,PROD0364,2,2817,19
ITEM0261,ORD0476,PROD0166,5,3532,99
ITEM0262,ORD0478,PROD0321,5,55456,84
ITEM0263,ORD0155,PROD0252,5,36255,45
ITEM0264,ORD0038,PROD0402,3,34632,28
ITEM0265,ORD0490,PROD0095,5,4668,100
ITEM0266,ORD0259,PROD0082,4,35791,68
ITEM0267,ORD0207,PROD0048,3,14696,27
ITEM0268,ORD0340,PROD0170,3,23845,37
ITEM0269,ORD0112,PROD0487,5,34966,60
ITEM0270,ORD0288,PROD0422,1,7718,85
ITEM0271,ORD0178,PROD0229,2,59477,82
ITEM0272,ORD0315,PROD0471,5,16179,5
ITEM0273,ORD0350,PROD0454,3,25193,14
ITEM0274,ORD0198,PROD0132,5,47646,36
ITEM0275,ORD0013,PROD0467,5,54077,98
ITEM0276,ORD0192,PROD0264,5,29400,62
ITEM0277,ORD0023,PROD0152,2,21192,65
ITEM0278,ORD0043,PROD0486,1,11170,98
ITEM0279,ORD0276,PROD0274,1,41286,8
ITEM0280,ORD0108,PROD0344,2,56885,87
ITEM0281,ORD0218,PROD0428,1,13672,68
ITEM0282,ORD0425,PROD0360,4,42573,9
ITEM0283,ORD0383,PROD0352,2,1756,58
ITEM0284,ORD0368,PROD0170,1,5935,9
ITEM0285,ORD0028,PROD0092,3,36774,9
ITEM0286,ORD0295,PROD0421,2,59902,33
ITEM0287,ORD0209,PROD0199,4,41501,51
ITEM0288,ORD0222,PROD0162,1,25726,86
ITEM0289,ORD0061,PROD0274,1,42236,92
ITEM0290,ORD0317,PROD0033,5,3182,89
ITEM0291,ORD0435,PROD0038,3,33153,13
ITEM0292,ORD0149,PROD0403,3,39951,11
ITEM0293,ORD0145,PROD0392,4,25196,50
ITEM0294,ORD0421,PROD0339,1,31263,20
ITEM0295,ORD0274,PROD0113,2,49139,50
ITEM0296,ORD0408,PROD0409,5,19531,81
ITEM0297,ORD0074,PROD0153,-3,930,70
ITEM0298,ORD0448,PROD0285,2,8276,5
ITEM0299,ORD0003,PROD0294,5,26026,68
ITEM0300,ORD0281,PROD0485,1,20168,26
ITEM0301,ORD0384,PROD0380,3,14076,52
ITEM0302,ORD0464,PROD0331,5,9535,20
ITEM0303,ORD0095,PROD0114,-5,54906,32
ITEM0304,ORD0100,PROD0059,2,44173,72
ITEM0305,ORD0437,PROD0028,5,30429,82
ITEM0306,ORD0282,PROD0038,3,44219,8
ITEM0307,ORD0129,PROD0051,2,47752,74
ITEM0308,ORD0250,PROD0488,3,23605,16
ITEM0309,ORD0344,PROD0336,2,6756,36
ITEM0310,ORD0318,PROD0036,2,21026,62
ITEM0311,ORD0231,PROD0169,5,43415,39
ITEM0312,ORD0356,PROD0300,2,37264,72
ITEM0313,ORD0187,PROD0414,3,28269,21
ITEM0314,ORD0003,PROD0161,2,51689,28
ITEM0315,ORD0365,PROD0379,4,18332,46
ITEM0316,ORD0069,PROD0348,3,57733,61
ITEM0317,ORD0237,PROD0229,3,50975,39
ITEM0318,ORD0250,PROD0283,1,11719,82
ITEM0319,ORD0311,PROD0042,3,56476,17
ITEM0320,ORD0457,PROD0276,2,17451,93
ITEM0321,ORD0454,PROD0321,1,47872,9
ITEM0322,ORD0457,PROD0010,5,41594,3
ITEM0323,ORD0417,PROD0298,5,26750,98
ITEM0324,ORD0303,PROD0109,1,36349,33
ITEM0325,ORD0279,PROD0458,5,31139,83
ITEM0326,ORD0397,PROD0077,3,25922,28
ITEM0327,ORD0457,PROD0396,5,48252,37
ITEM0328,ORD0069,PROD0238,5,33650,11
ITEM0329,ORD0204,PROD0187,5,894,84
ITEM0330,ORD0123,PROD0435,5,45037,21
ITEM0331,ORD0388,PROD0264,2,29443,20
ITEM0332,ORD0092,PROD0290,5,43415,18
ITEM0333,ORD0377,PROD0375,4,23714,5
ITEM0334,ORD0113,PROD0390,4,15387,8
ITEM0335,ORD0136,PROD0190,2,3005,85
ITEM0336,ORD0106,PROD0266,3,25634,60
ITEM0337,ORD0470,PROD0233,1,2815,83
ITEM0338,ORD0166,PROD0053,5,41721,35
ITEM0339,ORD0428,PROD0380,3,38121,69
ITEM0340,ORD0292,PROD0090,-4,43039,48
ITEM0341,ORD0188,PROD0301,1,34060,32
ITEM0342,ORD0193,PROD0499,2,34040,51
ITEM0343,ORD0181,PROD0419,3,32106,61
ITEM0344,ORD0455,PROD0310,1,33088,17
ITEM0345,ORD0226,PROD0085,2,5252,65
ITEM0346,ORD0330,PROD0144,2,10046,23
ITEM0347,ORD0081,PROD0186,-5,47209,15
ITEM0348,ORD0339,PROD0118,4,53361,42
ITEM0349,ORD0369,PROD0059,4,44451,61
ITEM0350,ORD0246,PROD0108,5,10767,82
ITEM0351,ORD0427,PROD0211,1,16169,5
ITEM0352,ORD0066,PROD0294,5,10759,17
ITEM0353,ORD0323,PROD0263,1,58579,73
ITEM0354,ORD0076,PROD0029,2,17125,23
ITEM0355,ORD0265,PROD0491,4,39479,72
ITEM0356,ORD0327,PROD0010,3,5819,27
ITEM0357,ORD0230,PROD0311,4,57039,61
ITEM0358,ORD0088,PROD0113,4,39576,18
ITEM0359,ORD0407,PROD0299,2,41042,84
ITEM0360,ORD0262,PROD0136,2,47660,87
ITEM0361,ORD0176,PROD0473,4,39294,75
ITEM0362,ORD0036,PROD0118,4,25461,16
ITEM0363,ORD0056,PROD0009,2,34456,64
ITEM0364,ORD0351,PROD0215,2,39882,12
ITEM0365,ORD0091,PROD0244,5,39509,4
ITEM0366,ORD0450,PROD0402,5,33186,96
ITEM0367,ORD0061,PROD0048,4,43413,16
ITEM0368,ORD0462,PROD0309,5,54432,0
ITEM0369,ORD0460,PROD0481,4,34412,53
ITEM0370,ORD0190,PROD0448,1,45920,67
ITEM0371,ORD0220,PROD0118,4,51944,98
ITEM0372,ORD0196,PROD0180,5,52931,94
ITEM0373,ORD0465,PROD0390,5,6603,54
ITEM0374,ORD0069,PROD0131,4,50391,29
ITEM0375,ORD0466,PROD0440,1,18764,76
ITEM0376,ORD0449,PROD0279,4,17095,24
ITEM0377,ORD0003,PROD0364,1,38078,66
ITEM0378,ORD0061,PROD0267,1,24777,83
ITEM0379,ORD0106,PROD0353,3,26994,46
ITEM0380,ORD0055,PROD0080,4,42901,74
ITEM0381,ORD0130,PROD0134,5,27958,72
ITEM0382,ORD0188,PROD0314,3,44804,50
ITEM0383,ORD0387,PROD0105,4,36382,100
ITEM0384,ORD0286,PROD0248,2,24462,71
ITEM0385,ORD0285,PROD0248,3,20296,73
ITEM0386,ORD0177,PROD0397,4,48420,17
ITEM0387,ORD0438,PROD0443,1,49208,29
ITEM0388,ORD0229,PROD0401,2,6771,27
ITEM0389,ORD0261,PROD0206,3,52684,70
ITEM0390,ORD0315,PROD0357,1,10734,49
ITEM0391,ORD0494,PROD0326,1,52915,11
ITEM0392,ORD0422,PROD0075,4,39537,55
ITEM0393,ORD0046,PROD0033,3,14733,47
ITEM0394,ORD0041,PROD0312,1,47680,49
ITEM0395,ORD0477,PROD0105,4,40436,83
ITEM0396,ORD0267,PROD0147,5,3965,99
ITEM0397,ORD0420,PROD0090,4,28968,1
ITEM0398,ORD0104,PROD0436,5,18943,24
ITEM0399,ORD0018,PROD0402,5,33659,66
ITEM0400,ORD0358,PROD0119,5,11307,86
ITEM0401,ORD0019,PROD0185,2,43127,0
ITEM0402,ORD0500,PROD0081,1,18283,99
ITEM0403,ORD0205,PROD0181,4,26771,75
ITEM0404,ORD0103,PROD0266,1,48495,90
ITEM0405,ORD0036,PROD0471,1,36218,36
ITEM0406,ORD0372,PROD0425,5,38403,44
ITEM0407,ORD0178,PROD0494,3,15030,77
ITEM0408,ORD0494,PROD0100,4,26673,73
ITEM0409,ORD0003,PROD0134,2,26881,64
ITEM0410,ORD0055,PROD0287,1,33175,37
ITEM0411,ORD0175,PROD0485,1,52821,65
ITEM0412,ORD0490,PROD0132,5,53490,73
ITEM0413,ORD0129,PROD0356,4,24912,72
ITEM0414,ORD0248,PROD0395,2,49841,43
ITEM0415,ORD0493,PROD0398,4,44868,58
ITEM0416,ORD0460,PROD0301,1,31786,14
ITEM0417,ORD0133,PROD0035,4,41727,100
ITEM0418,ORD0451,PROD0113,2,52639,40
ITEM0419,ORD0212,PROD0490,3,34049,68
ITEM0420,ORD0005,PROD0359,3,16469,36
ITEM0421,ORD0048,PROD0205,3,5182,70
ITEM0422,ORD0477,PROD0092,4,20769,45
ITEM0423,ORD0112,PROD0458,5,17834,23
ITEM0424,ORD0485,PROD0383,2,32902,94
ITEM0425,ORD0103,PROD0121,2,57396,33
ITEM0426,ORD0106,PROD0118,2,54918,31
ITEM0427,ORD0429,PROD0317,3,10423,99
ITEM0428,ORD0055,PROD0062,1,44490,84
ITEM0429,ORD0253,PROD0315,1,50285,69
ITEM0430,ORD0491,PROD0022,4,24526,79
ITEM0431,ORD0162,PROD0253,5,57135,35
ITEM0432,ORD0252,PROD0094,5,18567,50
ITEM0433,ORD0114,PROD0385,5,8604,6
ITEM0434,ORD0270,PROD0410,4,31547,69
ITEM0435,ORD0017,PROD0258,3,26002,87
ITEM0436,ORD0398,PROD0090,4,8088,89
ITEM0437,ORD0266,PROD0236,3,45368,1
ITEM0438,ORD0007,PROD0346,2,25066,74
ITEM0439,ORD0052,PROD0167,3,40359,33
ITEM0440,ORD0096,PROD0281,3,15741,34
ITEM0441,ORD0242,PROD0491,5,22685,46
ITEM0442,ORD0095,PROD0256,4,13997,53
ITEM0443,ORD0359,PROD0386,3,24125,51
ITEM0444,ORD0144,PROD0231,2,37647,16
ITEM0445,ORD0074,PROD0295,2,53558,12
ITEM0446,ORD0370,PROD0139,2,36594,55
ITEM0447,ORD0439,PROD0196,2,9758,94
ITEM0448,ORD0077,PROD0243,1,11774,53
ITEM0449,ORD0256,PROD0069,5,35195,92
ITEM0450,ORD0162,PROD0403,4,19863,32
ITEM0451,ORD0288,PROD0440,5,3326,50
ITEM0452,ORD0051,PROD0354,2,4134,27
ITEM0453,ORD0417,PROD0131,-4,55182,80
ITEM0454,ORD0050,PROD0231,3,17224,46
ITEM0455,ORD0185,PROD0287,5,53285,32
ITEM0456,ORD0177,PROD0011,4,8145,44
ITEM0457,ORD0445,PROD0348,5,13238,73
ITEM0458,ORD0295,PROD0333,5,11638,99
ITEM0459,ORD0146,PROD0182,3,44318,65
ITEM0460,ORD0250,PROD0397,4,58502,10
ITEM0461,ORD0196,PROD0315,3,30592,80
ITEM0462,ORD0490,PROD0075,2,42181,43
ITEM0463,ORD0216,PROD0324,5,37662,51
ITEM0464,ORD0435,PROD0465,1,5384,20
ITEM0465,ORD0176,PROD0117,3,20966,83
ITEM0466,ORD0150,PROD0364,3,39874,82
ITEM0467,ORD0203,PROD0139,4,51381,46
ITEM0468,ORD0383,PROD0301,5,29710,52
ITEM0469,ORD0086,PROD0095,1,8394,93
ITEM0470,ORD0121,PROD0339,3,48950,89
ITEM0471,ORD0384,PROD0041,2,11138,50
ITEM0472,ORD0053,PROD0049,1,57785,60
ITEM0473,ORD0281,PROD0028,1,50723,50
ITEM0474,ORD0269,PROD0392,1,7011,33
ITEM0475,ORD0317,PROD0080,1,43115,49
ITEM0476,ORD0159,PROD0118,2,48538,36
ITEM0477,ORD0227,PROD0321,2,8803,67
ITEM0478,ORD0430,PROD0088,1,2503,84
ITEM0479,ORD0183,PROD0441,3,56838,60
ITEM0480,ORD0240,PROD0500,5,18052,70
ITEM0481,ORD0228,PROD0070,5,11802,75
ITEM0482,ORD0306,PROD0234,5,28706,67
ITEM0483,ORD0328,PROD0328,5,20493,44
ITEM0484,ORD0247,PROD0277,2,52937,11
ITEM0485,ORD0227,PROD0158,3,27214,33
ITEM0486,ORD0080,PROD0156,-1,206,66
ITEM0487,ORD0418,PROD0389,2,22736,36
ITEM0488,ORD0241,PROD0274,1,45273,62
ITEM0489,ORD0485,PROD0387,4,19835,1
ITEM0490,ORD0393,PROD0221,3,39325,29
ITEM0491,ORD0408,PROD0004,-5,24687,24
ITEM0492,ORD0211,PROD0452,5,28846,50
ITEM0493,ORD0128,PROD0084,4,54491,48
ITEM0494,ORD0113,PROD0135,1,27871,80
ITEM0495,ORD0123,PROD0265,5,53125,88
ITEM0496,ORD0351,PROD0140,3,42697,95
ITEM0497,ORD0273,PROD0415,3,27260,24
ITEM0498,ORD0437,PROD0036,2,9153,37
ITEM0499,ORD0057,PROD0327,4,40683,57
ITEM0500,ORD0140,PROD0359,5,32443,24
ITEM0501,ORD0165,PROD0010,2,3452,68
ITEM0502,ORD0012,PROD0096,1,18688,34
ITEM0503,ORD0065,PROD0367,4,47851,1
ITEM0504,ORD0120,PROD0047,2,1165,63
ITEM0505,ORD0112,PROD0176,4,20619,100
ITEM0506,ORD0410,PROD0256,3,30588,89
ITEM0507,ORD0406,PROD0017,3,5457,96
ITEM0508,ORD0488,PROD0075,1,17665,99
ITEM0509,ORD0201,PROD0037,5,31011,23
ITEM0510,ORD0099,PROD0459,3,53759,48
ITEM0511,ORD0425,PROD0007,1,50541,91
ITEM0512,ORD0128,PROD0198,4,16398,94
ITEM0513,ORD0451,PROD0018,2,30401,94
ITEM0514,ORD0395,PROD0049,5,43847,26
ITEM0515,ORD0243,PROD0200,3,21372,20
ITEM0516,ORD0323,PROD0373,1,49006,70
ITEM0517,ORD0267,PROD0063,3,31737,81
ITEM0518,ORD0153,PROD0102,3,58364,6
ITEM0519,ORD0443,PROD0342,2,7600,30
ITEM0520,ORD0325,PROD0223,-3,1187,21
ITEM0521,ORD0407,PROD0142,5,8041,50
ITEM0522,ORD0405,PROD0125,1,2952,74
ITEM0523,ORD0402,PROD0354,4,45315,76
ITEM0524,ORD0080,PROD0191,1,16500,20
ITEM0525,ORD0256,PROD0047,5,22378,97
ITEM0526,ORD0321,PROD0031,1,23499,82
ITEM0527,ORD0079,PROD0360,5,52069,13
ITEM0528,ORD0065,PROD0250,2,20957,71
ITEM0529,ORD0404,PROD0331,3,52990,56
ITEM0530,ORD0376,PROD0099,1,45370,48
ITEM0531,ORD0184,PROD0371,2,16629,5
ITEM0532,ORD0249,PROD0362,4,36836,37
ITEM0533,ORD0278,PROD0357,4,12637,72
ITEM0534,ORD0096,PROD0279,3,21412,93
ITEM0535,ORD0240,PROD0141,5,56597,70
ITEM0536,ORD0083,PROD0036,5,10359,57
ITEM0537,ORD0152,PROD0420,3,35694,46
ITEM0538,ORD0233,PROD0001,5,25040,93
ITEM0539,ORD0095,PROD0453,1,40814,46
ITEM0540,ORD0398,PROD0318,2,21217,92
ITEM0541,ORD0033,PROD0338,5,53877,49
ITEM0542,ORD0098,PROD0269,4,50383,70
ITEM0543,ORD0079,PROD0314,3,21341,52
ITEM0544,ORD0329,PROD0165,1,6508,66
ITEM0545,ORD0338,PROD0035,1,54935,16
ITEM0546,ORD0092,PROD0448,1,13443,13
ITEM0547,ORD0249,PROD0099,1,2285,73
ITEM0548,ORD0329,PROD0429,4,43317,62
ITEM0549,ORD0270,PROD0320,5,16973,6
ITEM0550,ORD0188,PROD0114,5,47244,9
ITEM0551,ORD0007,PROD0477,2,43175,62
ITEM0552,ORD0476,PROD0456,1,30874,81
ITEM0553,ORD0032,PROD0185,5,48924,53
ITEM0554,ORD0421,PROD0189,1,54178,78
ITEM0555,ORD0137,PROD0271,1,48323,9
ITEM0556,ORD0428,PROD0156,1,14349,66
ITEM0557,ORD0050,PROD0052,2,35042,49
ITEM0558,ORD0098,PROD0099,5,43249,31
ITEM0559,ORD0292,PROD0321,2,36796,95
ITEM0560,ORD0286,PROD0213,-1,50419,81
ITEM0561,ORD0296,PROD0184,4,46242,85
ITEM0562,ORD0219,PROD0453,1,11132,23
ITEM0563,ORD0282,PROD0206,5,22319,84
ITEM0564,ORD0081,PROD0274,5,29233,45
ITEM0565,ORD0463,PROD0162,5,21476,47
ITEM0566,ORD0212,PROD0392,4,54342,92
ITEM0567,ORD0166,PROD0312,2,37106,69
ITEM0568,ORD0110,PROD0193,5,48996,32
ITEM0569,ORD0185,PROD0493,4,29527,50
ITEM0570,ORD0001,PROD0372,1,18843,76
ITEM0571,ORD0009,PROD0266,2,58548,38
ITEM0572,ORD0004,PROD0154,2,14278,40
ITEM0573,ORD0012,PROD0396,3,36484,65
ITEM0574,ORD0285,PROD0293,5,10339,12
ITEM0575,ORD0020,PROD0236,3,10430,17
ITEM0576,ORD0136,PROD0188,5,16574,29
ITEM0577,ORD0132,PROD0416,3,6223,73
ITEM0578,ORD0205,PROD0292,2,48320,9
ITEM0579,ORD0371,PROD0167,-4,11531,62
ITEM0580,ORD0423,PROD0461,5,53907,12
ITEM0581,ORD0305,PROD0329,3,2649,93
ITEM0582,ORD0414,PROD0296,4,5343,99
ITEM0583,ORD0029,PROD0472,3,23001,55
ITEM0584,ORD0214,PROD0477,1,57202,98
ITEM0585,ORD0117,PROD0383,5,949,81
ITEM0586,ORD0399,PROD0324,4,3747,39
ITEM0587,ORD0269,PROD0022,3,35584,72
ITEM0588,ORD0077,PROD0168,-5,45928,28
ITEM0589,ORD0079,PROD0026,4,29403,96
ITEM0590,ORD0305,PROD0295,5,6103,28
ITEM0591,ORD0222,PROD0149,4,9900,16
ITEM0592,ORD0173,PROD0043,4,37649,95
ITEM0593,ORD0026,PROD0281,4,17406,10
ITEM0594,ORD0205,PROD0257,4,50913,89
ITEM0595,ORD0067,PROD0391,2,31717,71
ITEM0596,ORD0102,PROD0250,4,42945,73
ITEM0597,ORD0101,PROD0288,5,48412,67
ITEM0598,ORD0127,PROD0125,1,17649,99
ITEM0599,ORD0221,PROD0166,5,6071,14
ITEM0600,ORD0344,PROD0212,4,24138,44
ITEM0601,ORD0098,PROD0165,3,39120,83
ITEM0602,ORD0013,PROD0395,3,11292,44
ITEM0603,ORD0316,PROD0421,4,41040,18
ITEM0604,ORD0226,PROD0023,2,13286,87
ITEM0605,ORD0192,PROD0080,1,7564,94
ITEM0606,ORD0028,PROD0125,5,9878,36
ITEM0607,ORD0008,PROD0176,1,20196,57
ITEM0608,ORD0242,PROD0012,3,13897,94
ITEM0609,ORD0276,PROD0109,2,36010,66
ITEM0610,ORD0385,PROD0133,5,31855,79
ITEM0611,ORD0374,PROD0069,2,45752,89
ITEM0612,ORD0343,PROD0010,4,38407,84
ITEM0613,ORD0270,PROD0023,3,11362,7
ITEM0614,ORD0146,PROD0103,5,17978,6
ITEM0615,ORD0239,PROD0336,1,4564,49
ITEM0616,ORD0339,PROD0139,3,56841,13
ITEM0617,ORD0010,PROD0150,4,15349,48
ITEM0618,ORD0261,PROD0362,1,59436,40
ITEM0619,ORD0249,PROD0444,5,35036,11
ITEM0620,ORD0096,PROD0102,5,30214,71
ITEM0621,ORD0475,PROD0365,1,2805,31
ITEM0622,ORD0473,PROD0272,3,22060,62
ITEM0623,ORD0202,PROD0382,2,1404,44
ITEM0624,ORD0351,PROD0181,3,41175,38
ITEM0625,ORD0121,PROD0451,5,18279,7
ITEM0626,ORD0321,PROD0132,4,58553,3
ITEM0627,ORD0484,PROD0285,3,14983,19
ITEM0628,ORD0175,PROD0460,4,43252,17
ITEM0629,ORD0045,PROD0374,4,34325,86
ITEM0630,ORD0314,PROD0447,2,27550,30
ITEM0631,ORD0294,PROD0079,4,20672,77
ITEM0632,ORD0169,PROD0230,5,8835,26
ITEM0633,ORD0335,PROD0071,5,35678,87
ITEM0634,ORD0410,PROD0104,2,20450,88
ITEM0635,ORD0362,PROD0461,5,59809,17
ITEM0636,ORD0221,PROD0451,2,43206,72
ITEM0637,ORD0470,PROD0081,3,4644,71
ITEM0638,ORD0273,PROD0486,1,12267,40
ITEM0639,ORD0430,PROD0451,2,47849,3
ITEM0640,ORD0392,PROD0164,4,27151,38
ITEM0641,ORD0227,PROD0382,3,10158,99
ITEM0642,ORD0097,PROD0055,2,12307,3
ITEM0643,ORD0391,PROD0105,5,40632,34
ITEM0644,ORD0311,PROD0291,5,15333,76
ITEM0645,ORD0119,PROD0119,1,23744,10
ITEM0646,ORD0353,PROD0400,4,8987,64
ITEM0647,ORD0434,PROD0310,4,46862,83
ITEM0648,ORD0192,PROD0095,4,32407,60
ITEM0649,ORD0071,PROD0084,2,15029,4
ITEM0650,ORD0210,PROD0392,1,17885,52
ITEM0651,ORD0114,PROD0381,2,49861,26
ITEM0652,ORD0034,PROD0091,4,57028,78
ITEM0653,ORD0251,PROD0353,3,57004,58
ITEM0654,ORD0455,PROD0127,4,26733,99
ITEM0655,ORD0022,PROD0312,4,47399,40
ITEM0656,ORD0202,PROD0314,5,39115,68
ITEM0657,ORD0269,PROD0329,1,34321,13
ITEM0658,ORD0232,PROD0234,1,57726,31
ITEM0659,ORD0266,PROD0276,4,48380,5
ITEM0660,ORD0286,PROD0199,5,50345,80
ITEM0661,ORD0493,PROD0026,2,19282,56
ITEM0662,ORD0204,PROD0453,3,50903,36
ITEM0663,ORD0237,PROD0086,-4,19495,78
ITEM0664,ORD0471,PROD0028,5,59423,18
ITEM0665,ORD0238,PROD0425,4,6127,92
ITEM0666,ORD0257,PROD0058,2,51234,74
ITEM0667,ORD0481,PROD0458,5,9067,50
ITEM0668,ORD0212,PROD0166,4,1832,22
ITEM0669,ORD0233,PROD0303,2,58038,58
ITEM0670,ORD0047,PROD0129,3,45532,83
ITEM0671,ORD0465,PROD0365,2,47279,93
ITEM0672,ORD0064,PROD0047,1,46483,57
ITEM0673,ORD0325,PROD0186,1,34528,90
ITEM0674,ORD0197,PROD0373,5,40312,20
ITEM0675,ORD0194,PROD0282,4,3077,98
ITEM0676,ORD0088,PROD0468,3,37260,84
ITEM0677,ORD0442,PROD0077,2,57138,18
ITEM0678,ORD0092,PROD0394,1,27697,39
ITEM0679,ORD0159,PROD0374,4,19125,80
ITEM0680,ORD0093,PROD0061,2,13494,0
ITEM0681,ORD0319,PROD0392,3,1000,58
ITEM0682,ORD0255,PROD0438,4,35818,0
ITEM0683,ORD0312,PROD0452,-4,15789,27
ITEM0684,ORD0302,PROD0338,4,29936,52
ITEM0685,ORD0227,PROD0041,5,39528,0
ITEM0686,ORD0126,PROD0452,5,18426,79
ITEM0687,ORD0322,PROD0286,2,3405,23
ITEM0688,ORD0076,PROD0029,3,2606,18
ITEM0689,ORD0438,PROD0017,5,55120,77
ITEM0690,ORD0153,PROD0170,1,3413,13
ITEM0691,ORD0214,PROD0069,2,10773,86
ITEM0692,ORD0146,PROD0313,5,37705,100
ITEM0693,ORD0288,PROD0091,4,49308,74
ITEM0694,ORD0185,PROD0477,1,6303,98
ITEM0695,ORD0154,PROD0166,3,59020,48
ITEM0696,ORD0420,PROD0035,4,55467,70
ITEM0697,ORD0034,PROD0150,4,9017,15
ITEM0698,ORD0356,PROD0441,3,21775,67
ITEM0699,ORD0212,PROD0269,2,45801,26
ITEM0700,ORD0314,PROD0030,1,37645,93
ITEM0701,ORD0074,PROD0323,5,5945,61
ITEM0702,ORD0371,PROD0353,5,51854,90
ITEM0703,ORD0148,PROD0219,5,55761,40
ITEM0704,ORD0133,PROD0270,5,41044,45
ITEM0705,ORD0475,PROD0067,5,37072,63
ITEM0706,ORD0267,PROD0374,-4,32476,23
ITEM0707,ORD0453,PROD0313,2,46637,37
ITEM0708,ORD0074,PROD0100,1,7946,3
ITEM0709,ORD0239,PROD0321,1,48530,26
ITEM0710,ORD0410,PROD0316,4,27334,5
ITEM0711,ORD0171,PROD0180,5,53024,81
ITEM0712,ORD0109,PROD0006,2,45420,36
ITEM0713,ORD0131,PROD0405,1,20370,38
ITEM0714,ORD0260,PROD0282,3,50468,0
ITEM0715,ORD0059,PROD0352,3,22571,50
ITEM0716,ORD0371,PROD0292,5,2108,22
ITEM0717,ORD0100,PROD0170,3,44271,61
ITEM0718,ORD0470,PROD0243,1,42513,17
ITEM0719,ORD0247,PROD0080,4,58661,68
ITEM0720,ORD0459,PROD0172,4,51579,52
ITEM0721,ORD0476,PROD0381,1,54929,66
ITEM0722,ORD0154,PROD0290,3,36584,68
ITEM0723,ORD0010,PROD0107,-5,45124,42
ITEM0724,ORD0410,PROD0470,3,4539,19
ITEM0725,ORD0144,PROD0431,1,22426,48
ITEM0726,ORD0321,PROD0274,2,37619,77
ITEM0727,ORD0200,PROD0096,5,7857,100
ITEM0728,ORD0385,PROD0158,3,46720,4
ITEM0729,ORD0140,PROD0212,1,32774,30
ITEM0730,ORD0191,PROD0232,3,14364,67
ITEM0731,ORD0155,PROD0090,1,24724,100
ITEM0732,ORD0020,PROD0399,2,6268,56
ITEM0733,ORD0260,PROD0013,4,59507,64
ITEM0734,ORD0079,PROD0098,3,31884,93
ITEM0735,ORD0448,PROD0269,3,51025,41
ITEM0736,ORD0074,PROD0394,1,54079,66
ITEM0737,ORD0347,PROD0069,2,13647,92
ITEM0738,ORD0019,PROD0236,4,46971,66
ITEM0739,ORD0060,PROD0003,3,3085,87
ITEM0740,ORD0435,PROD0305,1,22042,59
ITEM0741,ORD0456,PROD0024,1,34316,98
ITEM0742,ORD0338,PROD0382,3,1673,73
ITEM0743,ORD0389,PROD0160,2,21229,25
ITEM0744,ORD0099,PROD0147,3,35083,40
ITEM0745,ORD0396,PROD0226,1,18068,19
ITEM0746,ORD0081,PROD0141,1,1199,79
ITEM0747,ORD0287,PROD0264,-1,13738,69
ITEM0748,ORD0180,PROD0282,3,17963,18
ITEM0749,ORD0483,PROD0361,3,37823,31
ITEM0750,ORD0088,PROD0037,-3,40390,43
ITEM0751,ORD0277,PROD0228,1,8724,3
ITEM0752,ORD0242,PROD0463,1,7142,49
ITEM0753,ORD0028,PROD0045,4,25884,22
ITEM0754,ORD0361,PROD0306,5,41452,88
ITEM0755,ORD0359,PROD0229,5,23506,39
ITEM0756,ORD0171,PROD0419,2,46920,97
ITEM0757,ORD0344,PROD0415,-5,5347,96
ITEM0758,ORD0392,PROD0239,5,8837,11
ITEM0759,ORD0417,PROD0411,4,6574,58
ITEM0760,ORD0159,PROD0351,4,31037,29
ITEM0761,ORD0486,PROD0115,2,56632,78
ITEM0762,ORD0133,PROD0468,3,25895,23
ITEM0763,ORD0359,PROD0470,3,51893,41
ITEM0764,ORD0233,PROD0250,1,4483,60
ITEM0765,ORD0058,PROD0180,4,30427,21
ITEM0766,ORD0145,PROD0394,3,39812,73
ITEM0767,ORD0066,PROD0261,1,26787,91
ITEM0768,ORD0408,PROD0055,3,36647,83
ITEM0769,ORD0037,PROD0406,3,35114,59
ITEM0770,ORD0206,PROD0303,4,15835,79
ITEM0771,ORD0125,PROD0281,2,31812,49
ITEM0772,ORD0034,PROD0175,2,53540,88
ITEM0773,ORD0303,PROD0221,-4,37372,100
ITEM0774,ORD0176,PROD0279,2,11543,84
ITEM0775,ORD0343,PROD0040,5,55037,62
ITEM0776,ORD0059,PROD0304,5,30537,41
ITEM0777,ORD0285,PROD0050,4,11745,39
ITEM0778,ORD0490,PROD0208,1,39407,13
ITEM0779,ORD0351,PROD0417,5,50750,48
ITEM0780,ORD0168,PROD0254,1,6133,27
ITEM0781,ORD0419,PROD0072,5,59395,96
ITEM0782,ORD0326,PROD0415,1,49815,18
ITEM0783,ORD0339,PROD0077,4,35016,37
ITEM0784,ORD0200,PROD0316,5,29505,25
ITEM0785,ORD0106,PROD0349,3,19843,72
ITEM0786,ORD0407,PROD0468,3,28690,91
ITEM0787,ORD0156,PROD0469,3,6051,74
ITEM0788,ORD0005,PROD0314,5,26689,16
ITEM0789,ORD0437,PROD0151,1,24397,70
ITEM0790,ORD0496,PROD0028,1,46295,71
ITEM0791,ORD0421,PROD0074,3,7389,36
ITEM0792,ORD0444,PROD0016,2,28492,89
ITEM0793,ORD0303,PROD0202,3,46846,48
ITEM0794,ORD0208,PROD0196,4,35924,27
ITEM0795,ORD0340,PROD0089,4,9314,24
ITEM0796,ORD0285,PROD0197,3,55247,53
ITEM0797,ORD0079,PROD0148,2,9000,1
ITEM0798,ORD0037,PROD0332,1,9636,92
ITEM0799,ORD0454,PROD0250,4,9098,10
ITEM0800,ORD0071,PROD0329,4,56570,58
ITEM0801,ORD0458,PROD0404,5,28098,79
ITEM0802,ORD0093,PROD0233,5,27995,70
ITEM0803,ORD0420,PROD0231,4,23485,28
ITEM0804,ORD0096,PROD0218,5,686,73
ITEM0805,ORD0256,PROD0434,2,46870,64
ITEM0806,ORD0138,PROD0211,5,37971,46
ITEM0807,ORD0018,PROD0362,1,37434,61
ITEM0808,ORD0361,PROD0189,1,38228,61
ITEM0809,ORD0493,PROD0354,1,9511,93
ITEM0810,ORD0375,PROD0270,3,30670,66
ITEM0811,ORD0041,PROD0268,5,5996,31
ITEM0812,ORD0242,PROD0323,1,45031,81
ITEM0813,ORD0277,PROD0409,5,20679,78
ITEM0814,ORD0028,PROD0463,3,35263,99
ITEM0815,ORD0006,PROD0241,4,33797,60
ITEM0816,ORD0294,PROD0376,3,27791,45
ITEM0817,ORD0492,PROD0362,3,19153,21
ITEM0818,ORD0019,PROD0356,5,49314,38
ITEM0819,ORD0373,PROD0402,-5,17268,7
ITEM0820,ORD0323,PROD0243,5,11280,73
ITEM0821,ORD0027,PROD0337,3,53211,94
ITEM0822,ORD0320,PROD0014,3,31969,10
ITEM0823,ORD0065,PROD0259,1,56000,100
ITEM0824,ORD0143,PROD0130,2,40556,35
ITEM0825,ORD0141,PROD0440,3,1130,94
ITEM0826,ORD0058,PROD0310,2,59846,75
ITEM0827,ORD0379,PROD0078,4,24433,22
ITEM0828,ORD0134,PROD0401,2,31979,23
ITEM0829,ORD0410,PROD0271,1,22668,10
ITEM0830,ORD0496,PROD0075,5,54052,19
ITEM0831,ORD0429,PROD0254,4,50686,49
ITEM0832,ORD0122,PROD0339,4,47779,81
ITEM0833,ORD0086,PROD0108,5,48327,44
ITEM0834,ORD0028,PROD0329,3,49711,14
ITEM0835,ORD0027,PROD0086,4,26332,60
ITEM0836,ORD0155,PROD0244,5,15513,48
ITEM0837,ORD0350,PROD0362,4,31302,33
ITEM0838,ORD0075,PROD0272,4,977,36
ITEM0839,ORD0475,PROD0409,4,25235,86
ITEM0840,ORD0162,PROD0493,5,44952,5
ITEM0841,ORD0050,PROD0470,5,41974,45
ITEM0842,ORD0490,PROD0433,4,40208,83
ITEM0843,ORD0440,PROD0140,3,17916,34
ITEM0844,ORD0411,PROD0051,3,43083,74
ITEM0845,ORD0201,PROD0237,2,48323,86
ITEM0846,ORD0302,PROD0395,2,34275,43
ITEM0847,ORD0347,PROD0354,2,20730,70
ITEM0848,ORD0006,PROD0345,1,54705,8
ITEM0849,ORD0007,PROD0211,1,34623,13
ITEM0850,ORD0351,PROD0229,3,14579,92
ITEM0851,ORD0146,PROD0129,2,2430,3
ITEM0852,ORD0318,PROD0048,1,39137,84
ITEM0853,ORD0458,PROD0428,2,39481,81
ITEM0854,ORD0063,PROD0363,1,5861,77
ITEM0855,ORD0067,PROD0193,5,52838,23
ITEM0856,ORD0459,PROD0057,2,16802,37
ITEM0857,ORD0240,PROD0339,1,42063,58
ITEM0858,ORD0473,PROD0451,3,50620,54
ITEM0859,ORD0355,PROD0463,3,17064,20
ITEM0860,ORD0400,PROD0038,3,51128,7
ITEM0861,ORD0196,PROD0199,3,4136,33
ITEM0862,ORD0490,PROD0417,3,11860,56
ITEM0863,ORD0036,PROD0252,2,40196,50
ITEM0864,ORD0092,PROD0331,4,7306,18
ITEM0865,ORD0277,PROD0394,4,14512,78
ITEM0866,ORD0330,PROD0055,4,47084,33
ITEM0867,ORD0053,PROD0018,1,4814,73
ITEM0868,ORD0373,PROD0129,4,1429,63
ITEM0869,ORD0077,PROD0335,1,2679,85
ITEM0870,ORD0200,PROD0137,2,46078,42
ITEM0871,ORD0464,PROD0201,5,442,65
ITEM0872,ORD0363,PROD0482,4,31535,55
ITEM0873,ORD0207,PROD0433,1,35597,28
ITEM0874,ORD0002,PROD0197,4,8143,72
ITEM0875,ORD0275,PROD0479,3,22052,87
ITEM0876,ORD0156,PROD0206,1,41636,82
ITEM0877,ORD0047,PROD0188,5,56124,43
ITEM0878,ORD0042,PROD0431,4,50037,98
ITEM0879,ORD0149,PROD0332,2,11774,70
ITEM0880,ORD0021,PROD0496,4,43501,24
ITEM0881,ORD0154,PROD0357,4,58950,13
ITEM0882,ORD0323,PROD0353,3,32083,10
ITEM0883,ORD0454,PROD0324,4,48390,24
ITEM0884,ORD0072,PROD0019,2,1862,92
ITEM0885,ORD0304,PROD0123,4,25678,8
ITEM0886,ORD0406,PROD0277,3,32947,68
ITEM0887,ORD0495,PROD0428,4,1275,4
ITEM0888,ORD0174,PROD0029,3,51827,92
ITEM0889,ORD0022,PROD0208,1,14072,83
ITEM0890,ORD0342,PROD0268,4,44638,68
ITEM0891,ORD0077,PROD0380,5,15468,9
ITEM0892,ORD0019,PROD0377,2,32240,83
ITEM0893,ORD0010,PROD0242,5,3201,31
ITEM0894,ORD0360,PROD0333,2,1141,22
ITEM0895,ORD0324,PROD0026,3,53987,12
ITEM0896,ORD0234,PROD0313,2,54945,75
ITEM0897,ORD0033,PROD0419,1,7682,63
ITEM0898,ORD0305,PROD0410,5,14655,8
ITEM0899,ORD0412,PROD0104,4,22308,94
ITEM0900,ORD0348,PROD0206,3,8116,87
ITEM0901,ORD0295,PROD0280,2,21275,27
ITEM0902,ORD0392,PROD0024,5,11567,42
ITEM0903,ORD0033,PROD0062,3,9456,96
ITEM0904,ORD0213,PROD0087,3,36468,21
ITEM0905,ORD0225,PROD0125,5,2867,17
ITEM0906,ORD0052,PROD0406,5,24850,99
ITEM0907,ORD0081,PROD0009,4,5490,0
ITEM0908,ORD0004,PROD0092,1,46516,83
ITEM0909,ORD0304,PROD0455,3,27477,88
ITEM0910,ORD0414,PROD0406,4,45574,16
ITEM0911,ORD0106,PROD0074,3,34481,57
ITEM0912,ORD0211,PROD0123,2,40212,88
ITEM0913,ORD0020,PROD0306,2,47202,63
ITEM0914,ORD0314,PROD0487,1,41303,100
ITEM0915,ORD0155,PROD0179,4,499,71
ITEM0916,ORD0121,PROD0099,1,34947,12
ITEM0917,ORD0317,PROD0186,5,33462,28
ITEM0918,ORD0238,PROD0395,-2,18315,6
ITEM0919,ORD0100,PROD0058,2,45108,60
ITEM0920,ORD0255,PROD0091,2,44118,5
ITEM0921,ORD0028,PROD0331,3,18881,26
ITEM0922,ORD0223,PROD0129,3,40623,97
ITEM0923,ORD0233,PROD0023,1,48723,6
ITEM0924,ORD0474,PROD0276,2,10557,100
ITEM0925,ORD0015,PROD0249,5,7806,9
ITEM0926,ORD0459,PROD0121,4,39043,74
ITEM0927,ORD0167,PROD0215,2,49161,86
ITEM0928,ORD0460,PROD0167,2,51250,14
ITEM0929,ORD0167,PROD0117,-1,15739,94
ITEM0930,ORD0212,PROD0446,2,24810,28
ITEM0931,ORD0038,PROD0242,5,31946,6
ITEM0932,ORD0456,PROD0224,2,14366,78
ITEM0933,ORD0233,PROD0092,4,24676,17
ITEM0934,ORD0235,PROD0369,2,41620,45
ITEM0935,ORD0500,PROD0139,2,22212,16
ITEM0936,ORD0017,PROD0355,5,4109,35
ITEM0937,ORD0070,PROD0057,4,30253,53
ITEM0938,ORD0088,PROD0390,3,14608,37
ITEM0939,ORD0310,PROD0081,5,59547,21
ITEM0940,ORD0296,PROD0497,5,56233,29
ITEM0941,ORD0045,PROD0211,5,32261,27
ITEM0942,ORD0303,PROD0243,4,18495,1
ITEM0943,ORD0374,PROD0220,2,16441,41
ITEM0944,ORD0223,PROD0297,2,58646,75
ITEM0945,ORD0485,PROD0077,-5,59067,0
ITEM0946,ORD0214,PROD0074,1,2825,60
ITEM0947,ORD0376,PROD0394,5,2403,54
ITEM0948,ORD0272,PROD0202,4,53265,89
ITEM0949,ORD0421,PROD0051,4,32659,30
ITEM0950,ORD0043,PROD0286,1,45626,93
ITEM0951,ORD0209,PROD0487,2,8897,45
ITEM0952,ORD0152,PROD0123,1,1243,61
ITEM0953,ORD0343,PROD0157,2,46291,58
ITEM0954,ORD0440,PROD0293,5,1799,58
ITEM0955,ORD0238,PROD0396,2,57491,90
ITEM0956,ORD0208,PROD0095,3,41278,59
ITEM0957,ORD0361,PROD0325,1,56586,80
ITEM0958,ORD0037,PROD0198,3,34994,4
ITEM0959,ORD0152,PROD0219,3,45947,78
ITEM0960,ORD0278,PROD0295,2,51822,87
ITEM0961,ORD0042,PROD0318,3,48418,7
ITEM0962,ORD0264,PROD0485,3,58394,6
ITEM0963,ORD0057,PROD0197,3,30697,79
ITEM0964,ORD0021,PROD0188,3,11686,82
ITEM0965,ORD0287,PROD0361,1,36949,90
ITEM0966,ORD0397,PROD0105,2,22149,30
ITEM0967,ORD0277,PROD0059,-4,48524,96
ITEM0968,ORD0298,PROD0447,2,49559,95
ITEM0969,ORD0390,PROD0116,3,23315,34
ITEM0970,ORD0258,PROD0349,4,18362,6
ITEM0971,ORD0033,PROD0191,3,29849,62
ITEM0972,ORD0257,PROD0270,1,31012,90
ITEM0973,ORD0273,PROD0348,5,59146,37
ITEM0974,ORD0232,PROD0318,3,52622,86
ITEM0975,ORD0485,PROD0355,1,12543,58
ITEM0976,ORD0045,PROD0042,4,59047,22
ITEM0977,ORD0148,PROD0491,1,7367,21
ITEM0978,ORD0142,PROD0058,2,32727,19
ITEM0979,ORD0448,PROD0105,5,41309,2
ITEM0980,ORD0151,PROD0214,5,8852,60
ITEM0981,ORD0178,PROD0216,4,48546,82
ITEM0982,ORD0011,PROD0150,2,4325,2
ITEM0983,ORD0447,PROD0411,2,54919,66
ITEM0984,ORD0331,PROD0172,4,38125,43
ITEM0985,ORD0336,PROD0331,3,32060,75
ITEM0986,ORD0341,PROD0357,5,55375,70
ITEM0987,ORD0228,PROD0235,3,37375,16
ITEM0988,ORD0460,PROD0405,3,11454,33
ITEM0989,ORD0117,PROD0248,3,19083,98
ITEM0990,ORD0433,PROD0025,2,23342,36
ITEM0991,ORD0234,PROD0490,2,40742,20
ITEM0992,ORD0365,PROD0275,3,12145,22
ITEM0993,ORD0430,PROD0363,-2,10767,30
ITEM0994,ORD0060,PROD0022,-3,37852,16
ITEM0995,ORD0226,PROD0134,3,12291,26
ITEM0996,ORD0288,PROD0363,1,43817,40
ITEM0997,ORD0362,PROD0177,2,24639,57
ITEM0998,ORD0277,PROD0500,2,35172,38
ITEM0999,ORD0063,PROD0472,1,26713,63
ITEM1000,ORD0394,PROD0075,-4,21185,19
ITEM0522,ORD0405,PROD0125,1,2952,74
ITEM0738,ORD0019,PROD0236,4,46971,66
ITEM0741,ORD0456,PROD0024,1,34316,98
ITEM0661,ORD0493,PROD0026,2,19282,56
ITEM0412,ORD0490,PROD0132,5,53490,73
ITEM0679,ORD0159,PROD0374,4,19125,80
ITEM0627,ORD0484,PROD0285,3,14983,19
ITEM0514,ORD0395,PROD0049,5,43847,26
ITEM0860,ORD0400,PROD0038,3,51128,7
ITEM0137,ORD0390,PROD0397,2,37967,97
ITEM0812,ORD0242,PROD0323,1,45031,81
ITEM0077,ORD0317,PROD0312,4,2741,50
ITEM0637,ORD0470,PROD0081,3,4644,71
ITEM0974,ORD0232,PROD0318,3,52622,86
ITEM0939,ORD0310,PROD0081,5,59547,21
ITEM0900,ORD0348,PROD0206,3,8116,87
ITEM0281,ORD0218,PROD0428,1,13672,68
ITEM0884,ORD0072,PROD0019,2,1862,92
ITEM0762,ORD0133,PROD0468,3,25895,23
ITEM0320,ORD0457,PROD0276,2,17451,93
