order_id,customer_id,order_date,status,region_code
ORD0001,CUST0477,2025-09-10 04:16:53,RETURNED,EAST
ORD0002,CUST0084,2026-04-24 04:48:40,CANCELLED,EAST
ORD0003,CUST0304,2026-01-16 07:53:34,DELIVERED,WEST
ORD0004,CUST0363,2026-06-01 22:48:05,RETURNED,EAST
ORD0005,CUST0244,2026-02-15 08:02:55,PLACED,EAST
ORD0006,CUST0170,2026-03-13 14:43:02,PLACED,WEST
ORD0007,CUST0299,2025-06-22 13:14:10,DELIVERED,NORTH
ORD0008,CUST0306,2025-12-03 16:35:23,CANCELLED,EAST
ORD0009,CUST0496,2026-04-14 21:13:15,RETURNED,SOUTH
ORD0010,CUST0370,2026-07-19 10:02:48,PLACED,WEST
ORD0011,CUST0088,2024-09-13 12:14:23,RETURNED,WEST
ORD0012,CUST0076,2026-02-19 14:52:13,SHIPPED,NORTH
ORD0013,CUST0294,2026-01-03 08:35:41,PLACED,SOUTH
ORD0014,,2024-11-15 22:00:34,CANCELLED,EAST
ORD0015,CUST0215,2024-08-06 22:36:12,SHIPPED,WEST
ORD0016,,2025-07-11 04:23:42,SHIPPED,WEST
ORD0017,CUST0257,2026-01-27 07:12:35,RETURNED,WEST
ORD0018,CUST0447,2025-04-03 03:26:21,PLACED,SOUTH
ORD0019,CUST0266,2024-08-17 22:04:06,SHIPPED,EAST
ORD0020,CUST0340,2024-09-25 11:19:27,CANCELLED,WEST
ORD0021,CUST0161,2024-09-14 09:15:31,SHIPPED,WEST
ORD0022,CUST0468,2024-08-30 15:26:47,RETURNED,EAST
ORD0023,CUST0280,2024-12-04 17:49:50,DELIVERED,EAST
ORD0024,CUST0313,2026-03-28 09:03:11,CANCELLED,SOUTH
ORD0025,CUST0491,2025-01-31 03:43:18,SHIPPED,EAST
ORD0026,CUST0286,2025-09-25 23:15:36,DELIVERED,SOUTH
ORD0027,CUST0483,2024-09-12 04:57:07,DELIVERED,EAST
ORD0028,CUST0361,2025-10-09 01:53:25,SHIPPED,WEST
ORD0029,CUST0163,18-04-2026 15:54:38,CANCELLED,EAST
ORD0030,,2025-01-12 07:26:18,DELIVERED,EAST
ORD0031,CUST0063,2026-06-27 01:50:13,RETURNED,WEST
ORD0032,CUST0459,2025-02-05 09:21:49,CANCELLED,EAST
ORD0033,CUST0489,2025-06-01 02:38:31,SHIPPED,EAST
ORD0034,CUST0022,2025-05-16 21:16:06,DELIVERED,NORTH
ORD0035,CUST0178,2025-07-04 21:24:29,CANCELLED,EAST
ORD0036,CUST0383,2025-11-20 23:55:03,CANCELLED,SOUTH
ORD0037,CUST0104,2025-05-29 15:16:26,RETURNED,EAST
ORD0038,CUST0478,2025-06-20 19:59:17,RETURNED,EAST
ORD0039,CUST0071,2025-03-22 06:01:08,PLACED,SOUTH
ORD0040,CUST0125,2024-08-01 14:41:12,PLACED,SOUTH
ORD0041,CUST0327,2025-05-18 00:39:26,SHIPPED,NORTH
ORD0042,CUST0052,2025-12-24 11:00:52,CANCELLED,EAST
ORD0043,CUST0368,2024-10-19 09:11:44,CANCELLED,NORTH
ORD0044,CUST0349,2025-09-07 21:51:06,SHIPPED,NORTH
ORD0045,CUST0494,2024-07-24 01:46:49,RETURNED,SOUTH
ORD0046,CUST0209,2025-11-29 16:48:10,CANCELLED,WEST
ORD0047,CUST0334,2026-01-29 22:54:52,SHIPPED,EAST
ORD0048,CUST0165,2025-11-11 18:41:02,DELIVERED,NORTH
ORD0049,CUST0465,2024-09-06 14:39:01,PLACED,SOUTH
ORD0050,CUST0274,2026-02-26 15:56:35,PLACED,SOUTH
ORD0051,CUST0214,2026-02-18 21:21:05,SHIPPED,NORTH
ORD0052,CUST0429,17-10-2025 08:20:27,CANCELLED,WEST
ORD0053,CUST0096,2024-08-23 20:18:43,DELIVERED,NORTH
ORD0054,CUST0005,2026-01-14 21:12:15,DELIVERED,NORTH
ORD0055,CUST0476,2026-05-09 08:21:56,DELIVERED,EAST
ORD0056,CUST0233,2024-09-13 20:58:54,RETURNED,WEST
ORD0057,CUST0456,2025-04-23 07:49:48,SHIPPED,WEST
ORD0058,CUST0140,2026-07-10 07:52:49,SHIPPED,NORTH
ORD0059,CUST0170,2025-08-14 01:22:35,SHIPPED,WEST
ORD0060,CUST0332,2024-10-09 22:19:34,DELIVERED,SOUTH
ORD0061,CUST0008,2025-03-01 14:45:43,DELIVERED,EAST
ORD0062,CUST0291,2026-03-22 16:32:40,SHIPPED,SOUTH
ORD0063,CUST0313,2026-01-03 05:31:16,CANCELLED,WEST
ORD0064,CUST0264,2025-03-10 13:24:02,DELIVERED,NORTH
ORD0065,CUST0206,2025-11-02 15:01:23,PLACED,SOUTH
ORD0066,CUST0375,2024-09-24 16:23:26,SHIPPED,WEST
ORD0067,CUST0166,2025-02-23 03:40:54,SHIPPED,NORTH
ORD0068,CUST0134,2026-03-05 21:33:43,CANCELLED,SOUTH
ORD0069,CUST0229,2026-07-09 06:35:11,DELIVERED,EAST
ORD0070,CUST0155,2025-06-24 10:41:28,RETURNED,NORTH
ORD0071,CUST0134,2025-05-11 17:52:50,DELIVERED,SOUTH
ORD0072,CUST0032,2025-05-22 09:15:40,PLACED,WEST
ORD0073,CUST0158,2026-04-19 01:17:17,SHIPPED,WEST
ORD0074,CUST0352,2025-12-14 16:35:20,RETURNED,EAST
ORD0075,CUST0354,2024-08-12 10:19:37,PLACED,EAST
ORD0076,CUST0189,2025-07-22 15:35:13,RETURNED,SOUTH
ORD0077,CUST0113,2024-11-17 21:53:49,SHIPPED,WEST
ORD0078,CUST0079,2025-09-06 20:22:34,CANCELLED,EAST
ORD0079,CUST0213,2025-01-06 06:24:38,RETURNED,WEST
ORD0080,CUST0388,2024-11-02 10:09:03,RETURNED,SOUTH
ORD0081,CUST0391,2026-02-19 12:19:05,SHIPPED,NORTH
ORD0082,CUST0270,19-05-2025 04:26:45,CANCELLED,EAST
ORD0083,CUST0040,2026-03-30 08:41:37,RETURNED,NORTH
ORD0084,CUST0032,2026-03-30 22:00:25,RETURNED,SOUTH
ORD0085,CUST0294,2026-05-10 07:02:13,RETURNED,SOUTH
ORD0086,CUST0085,2025-09-16 08:51:28,DELIVERED,WEST
ORD0087,CUST0060,2025-03-05 14:36:48,SHIPPED,WEST
ORD0088,CUST0047,2025-11-23 23:17:03,RETURNED,WEST
ORD0089,CUST0415,08-11-2024 09:34:44,PLACED,WEST
ORD0090,CUST0068,2025-03-07 23:59:32,RETURNED,WEST
ORD0091,CUST0234,2025-12-27 13:23:57,RETURNED,NORTH
ORD0092,CUST0287,2026-06-08 10:17:12,CANCELLED,EAST
ORD0093,,2026-06-29 13:09:36,PLACED,WEST
ORD0094,CUST0131,2026-03-29 00:00:34,PLACED,SOUTH
ORD0095,CUST0297,2026-05-24 00:27:30,PLACED,NORTH
ORD0096,CUST0217,2026-02-05 23:24:42,DELIVERED,NORTH
ORD0097,CUST0278,2025-12-04 18:18:17,PLACED,NORTH
ORD0098,CUST0105,2025-05-05 07:28:23,CANCELLED,NORTH
ORD0099,CUST0147,2024-07-28 03:40:16,CANCELLED,SOUTH
ORD0100,CUST0394,2025-09-22 10:15:18,SHIPPED,WEST
ORD0101,CUST0192,2026-05-29 22:39:13,CANCELLED,WEST
ORD0102,CUST0446,2025-09-23 15:03:59,CANCELLED,WEST
ORD0103,CUST0042,2024-11-06 07:12:58,RETURNED,SOUTH
ORD0104,CUST0335,2024-10-23 05:05:10,DELIVERED,NORTH
ORD0105,CUST0092,2024-08-20 22:31:27,RETURNED,WEST
ORD0106,CUST0271,2024-07-23 09:34:45,SHIPPED,SOUTH
ORD0107,CUST0428,2025-10-07 08:03:53,PLACED,NORTH
ORD0108,CUST0362,2025-10-25 22:16:10,DELIVERED,WEST
ORD0109,CUST0345,2025-05-21 14:01:54,RETURNED,WEST
ORD0110,CUST0273,2025-09-09 17:03:22,CANCELLED,SOUTH
ORD0111,CUST0127,2025-09-17 18:25:49,CANCELLED,EAST
ORD0112,CUST0080,2024-09-23 14:41:45,DELIVERED,SOUTH
ORD0113,,13-03-2025 03:40:16,PLACED,NORTH
ORD0114,CUST0415,2024-12-29 15:29:09,CANCELLED,NORTH
ORD0115,CUST0124,2026-02-20 17:04:32,SHIPPED,NORTH
ORD0116,CUST0052,2026-02-15 09:04:56,RETURNED,NORTH
ORD0117,CUST0229,2026-06-21 07:08:29,RETURNED,NORTH
ORD0118,CUST0126,2026-02-03 08:16:09,PLACED,WEST
ORD0119,CUST0225,2025-04-12 13:40:32,SHIPPED,SOUTH
ORD0120,,2024-12-30 22:52:44,PLACED,SOUTH
ORD0121,CUST0258,2025-06-05 00:15:13,DELIVERED,SOUTH
ORD0122,CUST0418,2026-06-22 21:56:47,RETURNED,EAST
ORD0123,CUST0296,2025-12-03 04:51:08,RETURNED,EAST
ORD0124,CUST0122,11-05-2026 20:09:35,DELIVERED,SOUTH
ORD0125,CUST0105,2025-08-21 14:29:28,RETURNED,SOUTH
ORD0126,CUST0212,2024-11-07 03:22:20,DELIVERED,EAST
ORD0127,CUST0032,21-11-2024 12:13:23,RETURNED,SOUTH
ORD0128,CUST0321,2024-12-09 09:41:21,CANCELLED,WEST
ORD0129,CUST0025,2025-01-06 23:36:08,DELIVERED,WEST
ORD0130,CUST0403,2025-11-10 15:23:05,RETURNED,EAST
ORD0131,CUST0357,2026-04-28 20:39:13,CANCELLED,WEST
ORD0132,CUST0077,2025-01-31 19:15:52,DELIVERED,WEST
ORD0133,CUST0095,2024-12-17 10:19:10,RETURNED,WEST
ORD0134,CUST0124,2024-10-16 12:32:07,SHIPPED,EAST
ORD0135,CUST0440,2024-12-07 08:34:27,SHIPPED,WEST
ORD0136,CUST0469,2025-12-22 15:45:04,PLACED,WEST
ORD0137,CUST0496,01-04-2026 14:33:36,CANCELLED,SOUTH
ORD0138,CUST0199,2025-10-03 02:55:03,SHIPPED,EAST
ORD0139,,2026-05-12 10:55:44,DELIVERED,NORTH
ORD0140,CUST0473,2024-08-30 17:41:16,CANCELLED,EAST
ORD0141,CUST0048,2026-05-11 18:50:01,RETURNED,SOUTH
ORD0142,CUST0027,2026-02-22 20:15:01,DELIVERED,WEST
ORD0143,CUST0345,2026-07-13 16:27:01,RETURNED,NORTH
ORD0144,,2025-09-18 19:08:33,PLACED,SOUTH
ORD0145,CUST0412,2025-07-12 18:25:22,RETURNED,SOUTH
ORD0146,CUST0246,2025-12-02 05:25:13,SHIPPED,EAST
ORD0147,CUST0156,2025-09-19 10:18:26,PLACED,SOUTH
ORD0148,CUST0480,2024-09-14 07:19:48,SHIPPED,NORTH
ORD0149,CUST0383,2025-03-02 05:58:29,CANCELLED,SOUTH
ORD0150,CUST0357,2025-12-23 04:56:13,RETURNED,SOUTH
ORD0151,CUST0204,2024-09-09 19:32:57,SHIPPED,EAST
ORD0152,CUST0398,2025-01-30 04:58:20,DELIVERED,WEST
ORD0153,CUST0239,2024-10-03 18:26:30,RETURNED,EAST
ORD0154,CUST0158,2024-12-19 19:56:49,DELIVERED,EAST
ORD0155,CUST0263,2026-02-03 01:46:49,CANCELLED,WEST
ORD0156,CUST0051,2025-10-13 10:54:13,CANCELLED,EAST
ORD0157,CUST0469,2025-08-01 21:42:13,SHIPPED,EAST
ORD0158,CUST0161,2025-04-02 11:19:29,CANCELLED,NORTH
ORD0159,CUST0289,2025-04-22 21:21:28,SHIPPED,SOUTH
ORD0160,CUST0009,2024-10-27 01:55:11,DELIVERED,WEST
ORD0161,CUST0152,2025-12-22 21:40:21,SHIPPED,SOUTH
ORD0162,CUST0169,2025-12-10 14:43:06,SHIPPED,WEST
ORD0163,CUST0292,2025-01-17 15:49:32,SHIPPED,WEST
ORD0164,,2024-10-05 04:47:29,DELIVERED,EAST
ORD0165,,2025-02-25 23:09:28,CANCELLED,WEST
ORD0166,CUST0236,2025-11-12 16:25:39,SHIPPED,EAST
ORD0167,CUST0087,2024-09-11 17:08:53,SHIPPED,WEST
ORD0168,CUST0095,2026-06-18 15:14:35,RETURNED,NORTH
ORD0169,CUST0269,2024-12-16 18:53:28,PLACED,NORTH
ORD0170,CUST0484,2025-03-23 07:46:32,PLACED,NORTH
ORD0171,CUST0212,2025-07-31 20:55:34,SHIPPED,SOUTH
ORD0172,CUST0035,2025-07-04 12:27:58,SHIPPED,NORTH
ORD0173,CUST0112,2025-03-31 12:37:51,RETURNED,WEST
ORD0174,CUST0192,2025-11-10 05:16:19,PLACED,WEST
ORD0175,CUST0338,2025-12-13 16:20:17,CANCELLED,NORTH
ORD0176,CUST0004,2025-03-13 22:01:13,RETURNED,WEST
ORD0177,,2026-01-09 02:48:46,PLACED,EAST
ORD0178,CUST0275,2025-10-16 05:31:59,DELIVERED,NORTH
ORD0179,CUST0258,2024-11-14 20:39:51,CANCELLED,SOUTH
ORD0180,CUST0055,2025-10-01 18:28:11,PLACED,SOUTH
ORD0181,CUST0124,2025-10-02 18:53:16,SHIPPED,EAST
ORD0182,CUST0418,28-04-2025 14:27:59,DELIVERED,EAST
ORD0183,CUST0408,2026-04-07 20:25:52,CANCELLED,NORTH
ORD0184,,2025-03-22 04:41:37,CANCELLED,WEST
ORD0185,CUST0290,2025-06-17 04:02:41,SHIPPED,SOUTH
ORD0186,CUST0154,2024-11-27 11:29:05,PLACED,NORTH
ORD0187,CUST0048,2024-07-23 05:53:21,CANCELLED,WEST
ORD0188,CUST0194,2025-03-19 18:33:47,RETURNED,WEST
ORD0189,CUST0029,2025-01-26 16:51:12,PLACED,SOUTH
ORD0190,CUST0043,2026-03-21 17:34:56,CANCELLED,WEST
ORD0191,CUST0331,2025-01-07 13:21:17,DELIVERED,NORTH
ORD0192,CUST0459,2026-01-23 16:10:13,RETURNED,NORTH
ORD0193,CUST0118,2026-02-14 02:59:24,SHIPPED,WEST
ORD0194,CUST0139,2025-11-29 05:54:45,PLACED,NORTH
ORD0195,CUST0351,2025-06-23 05:45:29,DELIVERED,NORTH
ORD0196,CUST0092,2025-02-19 09:30:08,DELIVERED,NORTH
ORD0197,CUST0493,2026-05-03 00:36:10,SHIPPED,SOUTH
ORD0198,CUST0386,2025-04-24 17:07:16,CANCELLED,NORTH
ORD0199,,31-10-2024 19:27:30,SHIPPED,SOUTH
ORD0200,CUST0291,2025-12-29 08:06:32,CANCELLED,EAST
ORD0201,CUST0197,2026-02-08 19:25:10,SHIPPED,NORTH
ORD0202,CUST0257,2025-04-03 00:35:51,DELIVERED,NORTH
ORD0203,CUST0051,2026-06-01 08:47:39,CANCELLED,SOUTH
ORD0204,CUST0430,2025-07-27 06:48:24,PLACED,EAST
ORD0205,CUST0310,2025-07-13 23:56:07,RETURNED,WEST
ORD0206,CUST0497,2025-06-30 09:53:26,DELIVERED,NORTH
ORD0207,CUST0325,2025-04-24 03:14:40,DELIVERED,WEST
ORD0208,CUST0252,2026-03-13 06:31:09,SHIPPED,EAST
ORD0209,CUST0284,2025-03-13 18:13:24,CANCELLED,WEST
ORD0210,CUST0096,2025-08-01 17:37:15,RETURNED,WEST
ORD0211,CUST0044,2025-09-20 23:43:28,RETURNED,EAST
ORD0212,CUST0409,2024-10-12 00:36:13,SHIPPED,NORTH
ORD0213,CUST0043,2024-12-03 00:24:34,DELIVERED,SOUTH
ORD0214,CUST0195,2025-12-02 21:46:13,SHIPPED,WEST
ORD0215,CUST0163,2025-11-02 16:10:32,DELIVERED,NORTH
ORD0216,CUST0047,2024-09-21 03:55:00,PLACED,EAST
ORD0217,CUST0228,2026-05-04 07:58:30,DELIVERED,EAST
ORD0218,CUST0053,2025-02-22 10:52:35,SHIPPED,NORTH
ORD0219,CUST0096,2026-05-17 11:23:56,CANCELLED,WEST
ORD0220,CUST0286,2026-04-22 09:50:35,RETURNED,WEST
ORD0221,CUST0053,2024-11-05 05:38:11,PLACED,NORTH
ORD0222,CUST0182,2026-06-11 18:47:50,RETURNED,NORTH
ORD0223,CUST0306,2025-09-10 20:23:03,RETURNED,EAST
ORD0224,CUST0443,2024-12-19 01:34:22,CANCELLED,NORTH
ORD0225,CUST0150,2025-02-08 22:51:57,CANCELLED,WEST
ORD0226,CUST0399,2026-02-09 06:04:44,PLACED,SOUTH
ORD0227,CUST0293,2026-06-07 22:18:49,RETURNED,SOUTH
ORD0228,CUST0351,2025-11-18 04:50:20,CANCELLED,SOUTH
ORD0229,CUST0072,2024-09-16 21:10:42,DELIVERED,EAST
ORD0230,CUST0138,2026-02-04 12:00:29,CANCELLED,SOUTH
ORD0231,CUST0033,2024-09-16 01:22:24,SHIPPED,WEST
ORD0232,CUST0142,2026-06-12 09:51:44,CANCELLED,EAST
ORD0233,CUST0248,2024-08-02 23:06:36,PLACED,EAST
ORD0234,CUST0129,2026-05-10 09:16:15,SHIPPED,WEST
ORD0235,CUST0305,2025-08-17 10:18:19,RETURNED,SOUTH
ORD0236,CUST0235,2025-11-22 02:11:15,PLACED,SOUTH
ORD0237,CUST0156,2024-08-12 17:19:08,PLACED,WEST
ORD0238,CUST0171,2026-04-11 16:34:07,RETURNED,WEST
ORD0239,CUST0412,2025-10-14 11:02:28,DELIVERED,WEST
ORD0240,CUST0172,2025-10-12 03:18:33,CANCELLED,SOUTH
ORD0241,CUST0154,2025-05-30 04:04:12,DELIVERED,SOUTH
ORD0242,,2026-03-08 22:44:54,DELIVERED,SOUTH
ORD0243,CUST0494,2025-10-20 18:53:25,CANCELLED,EAST
ORD0244,CUST0150,2024-12-31 17:57:46,CANCELLED,SOUTH
ORD0245,CUST0167,2026-06-23 10:32:22,CANCELLED,EAST
ORD0246,CUST0419,2024-08-16 23:08:22,CANCELLED,EAST
ORD0247,CUST0059,2025-09-20 22:16:25,RETURNED,SOUTH
ORD0248,CUST0304,2025-02-06 22:03:24,RETURNED,SOUTH
ORD0249,CUST0350,2025-09-14 14:49:07,RETURNED,NORTH
ORD0250,CUST0488,2026-06-13 20:55:19,CANCELLED,SOUTH
ORD0251,CUST0225,2025-09-11 16:07:37,DELIVERED,NORTH
ORD0252,CUST0420,2025-07-21 04:28:18,CANCELLED,WEST
ORD0253,CUST0072,2025-12-09 09:32:51,DELIVERED,SOUTH
ORD0254,CUST0130,2026-03-13 14:32:25,SHIPPED,WEST
ORD0255,CUST0405,2024-11-11 22:32:09,CANCELLED,NORTH
ORD0256,CUST0230,2025-04-29 15:10:11,RETURNED,WEST
ORD0257,CUST0299,2025-05-20 08:30:57,CANCELLED,WEST
ORD0258,,2025-01-08 22:33:14,PLACED,EAST
ORD0259,CUST0360,2026-06-11 21:24:59,RETURNED,NORTH
ORD0260,CUST0056,2026-03-11 05:38:22,SHIPPED,EAST
ORD0261,CUST0086,2025-10-20 10:46:15,RETURNED,NORTH
ORD0262,CUST0289,2026-02-09 00:09:18,CANCELLED,EAST
ORD0263,CUST0495,2026-05-16 06:30:51,CANCELLED,NORTH
ORD0264,CUST0006,2025-03-02 12:26:02,PLACED,EAST
ORD0265,CUST0114,2024-10-31 11:32:38,RETURNED,SOUTH
ORD0266,CUST0229,2025-07-15 10:28:24,DELIVERED,WEST
ORD0267,CUST0238,2025-08-12 17:25:45,RETURNED,SOUTH
ORD0268,CUST0177,2025-08-19 22:35:08,PLACED,WEST
ORD0269,CUST0054,2024-09-27 19:51:56,DELIVERED,WEST
ORD0270,CUST0472,2025-05-23 16:25:40,PLACED,NORTH
ORD0271,CUST0426,2025-04-28 02:45:43,SHIPPED,EAST
ORD0272,,2025-08-13 12:53:34,DELIVERED,WEST
ORD0273,CUST0402,2024-07-27 17:15:34,SHIPPED,WEST
ORD0274,CUST0179,16-12-2025 05:02:19,CANCELLED,NORTH
ORD0275,CUST0225,2025-01-21 00:52:38,CANCELLED,EAST
ORD0276,CUST0035,2026-05-09 03:20:36,DELIVERED,NORTH
ORD0277,CUST0415,2026-04-06 22:48:45,PLACED,NORTH
ORD0278,CUST0435,2025-11-08 10:16:35,DELIVERED,NORTH
ORD0279,CUST0347,2026-01-01 21:30:50,SHIPPED,SOUTH
ORD0280,CUST0265,2024-11-25 07:21:51,SHIPPED,SOUTH
ORD0281,CUST0170,2026-02-27 15:09:38,RETURNED,WEST
ORD0282,CUST0491,2025-08-22 20:01:07,CANCELLED,SOUTH
ORD0283,CUST0409,2024-11-05 12:30:56,CANCELLED,SOUTH
ORD0284,CUST0096,2025-07-01 01:58:06,CANCELLED,WEST
ORD0285,CUST0015,2024-11-20 03:56:14,RETURNED,SOUTH
ORD0286,CUST0231,2024-12-05 15:19:28,RETURNED,WEST
ORD0287,CUST0200,2025-10-02 09:28:50,PLACED,SOUTH
ORD0288,CUST0106,2025-10-01 23:19:35,DELIVERED,NORTH
ORD0289,CUST0296,2025-12-13 16:10:16,PLACED,SOUTH
ORD0290,,2026-05-27 22:42:44,DELIVERED,SOUTH
ORD0291,CUST0235,2024-11-10 01:09:51,PLACED,EAST
ORD0292,CUST0344,2026-02-11 02:21:21,CANCELLED,EAST
ORD0293,CUST0306,2026-02-08 01:22:07,CANCELLED,WEST
ORD0294,CUST0301,2025-07-30 00:58:23,PLACED,EAST
ORD0295,CUST0181,18-07-2026 23:18:43,CANCELLED,SOUTH
ORD0296,CUST0417,2025-04-24 04:15:00,DELIVERED,NORTH
ORD0297,CUST0345,2024-08-19 21:17:47,SHIPPED,EAST
ORD0298,CUST0061,2025-01-05 10:54:01,SHIPPED,EAST
ORD0299,CUST0060,2026-03-02 22:41:25,SHIPPED,EAST
ORD0300,,2025-08-02 06:07:29,SHIPPED,WEST
ORD0301,CUST0215,2025-01-15 11:56:52,RETURNED,SOUTH
ORD0302,CUST0295,2024-09-06 07:38:00,CANCELLED,WEST
ORD0303,CUST0096,2025-02-09 19:47:24,CANCELLED,SOUTH
ORD0304,CUST0285,2025-05-02 10:35:14,SHIPPED,WEST
ORD0305,CUST0148,2025-01-17 06:14:26,SHIPPED,SOUTH
ORD0306,,2024-08-21 17:49:24,CANCELLED,NORTH
ORD0307,CUST0444,2025-12-20 19:09:19,DELIVERED,NORTH
ORD0308,CUST0249,2024-12-27 02:21:52,SHIPPED,SOUTH
ORD0309,CUST0418,2025-08-25 17:53:48,CANCELLED,WEST
ORD0310,CUST0210,2026-06-24 13:03:25,CANCELLED,WEST
ORD0311,CUST0364,2026-03-26 05:42:31,CANCELLED,WEST
ORD0312,CUST0086,2025-04-26 02:01:47,PLACED,NORTH
ORD0313,CUST0408,2025-05-16 22:23:46,SHIPPED,EAST
ORD0314,CUST0017,2025-07-19 07:10:42,DELIVERED,SOUTH
ORD0315,CUST0276,2026-07-02 10:44:55,DELIVERED,SOUTH
ORD0316,CUST0400,2025-07-07 14:59:04,CANCELLED,WEST
ORD0317,CUST0282,2026-06-04 05:08:11,RETURNED,NORTH
ORD0318,CUST0294,2024-08-24 13:28:24,PLACED,EAST
ORD0319,CUST0397,2024-08-19 11:41:37,RETURNED,EAST
ORD0320,CUST0278,2025-12-05 05:11:38,PLACED,WEST
ORD0321,CUST0280,2025-03-28 04:56:23,SHIPPED,WEST
ORD0322,CUST0053,2024-10-07 16:04:12,SHIPPED,EAST
ORD0323,CUST0448,2026-01-17 02:24:39,PLACED,WEST
ORD0324,CUST0135,2025-08-28 10:54:42,DELIVERED,NORTH
ORD0325,CUST0225,2025-11-23 14:21:39,PLACED,SOUTH
ORD0326,CUST0108,2026-04-24 21:33:37,RETURNED,EAST
ORD0327,CUST0441,2025-02-16 22:08:18,RETURNED,WEST
ORD0328,CUST0085,2026-04-28 22:57:48,RETURNED,SOUTH
ORD0329,CUST0402,2026-02-15 18:00:56,SHIPPED,SOUTH
ORD0330,CUST0413,2025-02-09 00:23:01,PLACED,EAST
ORD0331,CUST0273,2025-10-11 22:17:17,DELIVERED,SOUTH
ORD0332,CUST0166,2025-09-15 07:14:13,DELIVERED,EAST
ORD0333,CUST0294,2025-10-05 08:22:19,DELIVERED,NORTH
ORD0334,CUST0070,2024-12-01 12:36:42,CANCELLED,NORTH
ORD0335,CUST0069,2025-05-08 01:15:34,DELIVERED,SOUTH
ORD0336,CUST0360,2025-12-09 05:12:26,SHIPPED,SOUTH
ORD0337,CUST0075,09-05-2025 11:54:46,DELIVERED,SOUTH
ORD0338,CUST0390,2025-04-29 05:26:30,CANCELLED,WEST
ORD0339,CUST0073,2025-10-18 22:56:37,RETURNED,EAST
ORD0340,CUST0322,2025-12-08 22:53:32,CANCELLED,WEST
ORD0341,CUST0232,2026-06-17 03:58:26,PLACED,NORTH
ORD0342,CUST0207,2026-04-29 10:05:19,RETURNED,EAST
ORD0343,CUST0356,2024-09-17 22:48:43,DELIVERED,WEST
ORD0344,CUST0487,2025-08-24 19:06:39,CANCELLED,EAST
ORD0345,CUST0298,2025-01-30 21:43:37,PLACED,NORTH
ORD0346,CUST0375,2025-05-07 19:05:35,CANCELLED,EAST
ORD0347,CUST0436,2026-06-24 04:02:27,PLACED,WEST
ORD0348,CUST0112,2025-01-08 14:57:34,CANCELLED,SOUTH
ORD0349,CUST0254,2025-08-24 13:41:02,DELIVERED,EAST
ORD0350,CUST0425,2025-05-30 17:15:48,DELIVERED,EAST
ORD0351,CUST0281,2025-04-19 14:18:43,RETURNED,SOUTH
ORD0352,CUST0290,2026-04-15 06:12:49,CANCELLED,EAST
ORD0353,CUST0458,2026-05-24 11:16:43,PLACED,NORTH
ORD0354,CUST0051,2025-04-13 11:41:06,CANCELLED,NORTH
ORD0355,CUST0064,2025-08-01 15:34:25,SHIPPED,WEST
ORD0356,CUST0234,2026-03-27 04:01:20,PLACED,WEST
ORD0357,CUST0104,2025-07-28 22:59:59,SHIPPED,EAST
ORD0358,CUST0082,2026-06-08 13:54:00,DELIVERED,NORTH
ORD0359,CUST0336,2025-10-31 19:07:31,DELIVERED,EAST
ORD0360,CUST0043,2024-07-24 14:48:22,DELIVERED,SOUTH
ORD0361,CUST0027,2025-08-13 06:44:08,CANCELLED,EAST
ORD0362,CUST0372,2026-06-04 14:07:35,SHIPPED,WEST
ORD0363,CUST0336,2024-11-04 10:22:24,PLACED,NORTH
ORD0364,CUST0001,2025-06-26 04:07:21,SHIPPED,WEST
ORD0365,CUST0040,2024-11-25 02:55:57,SHIPPED,SOUTH
ORD0366,CUST0266,2025-01-14 03:09:18,CANCELLED,NORTH
ORD0367,CUST0005,2024-09-17 08:50:42,DELIVERED,NORTH
ORD0368,CUST0395,2025-08-23 03:33:39,CANCELLED,SOUTH
ORD0369,CUST0245,2025-12-01 07:05:49,PLACED,SOUTH
ORD0370,CUST0197,2025-02-22 14:29:06,PLACED,NORTH
ORD0371,CUST0053,2024-12-30 18:46:51,DELIVERED,EAST
ORD0372,CUST0452,2024-11-13 04:30:02,DELIVERED,SOUTH
ORD0373,CUST0196,2024-12-11 15:59:26,SHIPPED,SOUTH
ORD0374,CUST0036,2024-11-18 17:10:12,RETURNED,NORTH
ORD0375,CUST0313,2025-04-26 20:08:29,SHIPPED,WEST
ORD0376,CUST0180,2025-10-30 02:17:15,SHIPPED,SOUTH
ORD0377,CUST0471,2026-01-27 15:18:28,CANCELLED,WEST
ORD0378,CUST0441,15-04-2026 00:57:46,SHIPPED,NORTH
ORD0379,CUST0460,2024-10-19 09:39:05,PLACED,SOUTH
ORD0380,CUST0386,2025-12-14 23:47:36,PLACED,WEST
ORD0381,CUST0180,2025-01-14 09:46:59,CANCELLED,EAST
ORD0382,CUST0406,2025-06-06 12:46:32,SHIPPED,SOUTH
ORD0383,CUST0142,2026-04-10 13:10:12,PLACED,SOUTH
ORD0384,CUST0284,2025-04-01 23:39:07,RETURNED,EAST
ORD0385,CUST0399,2026-01-29 22:21:18,PLACED,EAST
ORD0386,CUST0106,2024-10-15 12:36:10,RETURNED,SOUTH
ORD0387,CUST0383,2025-07-28 11:56:14,CANCELLED,EAST
ORD0388,CUST0331,2025-12-25 23:00:18,PLACED,SOUTH
ORD0389,CUST0254,2025-07-26 09:34:05,CANCELLED,NORTH
ORD0390,CUST0124,2025-07-26 13:25:05,CANCELLED,NORTH
ORD0391,CUST0271,2024-12-30 03:37:21,PLACED,EAST
ORD0392,CUST0479,21-10-2025 08:57:25,DELIVERED,SOUTH
ORD0393,,2024-11-21 17:39:52,RETURNED,WEST
ORD0394,CUST0188,2025-12-04 05:36:10,RETURNED,SOUTH
ORD0395,CUST0391,2026-04-27 18:51:57,CANCELLED,NORTH
ORD0396,CUST0009,2025-06-03 15:31:58,RETURNED,NORTH
ORD0397,CUST0008,2024-08-05 22:14:27,DELIVERED,SOUTH
ORD0398,CUST0021,2025-01-24 18:09:36,PLACED,WEST
ORD0399,,2024-08-22 00:05:06,DELIVERED,WEST
ORD0400,CUST0217,2024-10-26 19:46:03,CANCELLED,NORTH
ORD0401,CUST0328,2025-10-07 22:22:47,RETURNED,SOUTH
ORD0402,CUST0143,2025-10-22 13:58:37,PLACED,EAST
ORD0403,CUST0041,2024-11-21 15:28:52,RETURNED,SOUTH
ORD0404,CUST0499,2024-11-01 03:15:16,SHIPPED,EAST
ORD0405,CUST0201,2025-11-20 11:18:01,RETURNED,NORTH
ORD0406,CUST0159,21-08-2025 16:10:16,CANCELLED,SOUTH
ORD0407,CUST0030,2024-08-18 22:23:13,SHIPPED,NORTH
ORD0408,CUST0474,2026-06-11 09:29:18,CANCELLED,NORTH
ORD0409,CUST0233,06-10-2025 23:41:21,RETURNED,NORTH
ORD0410,CUST0159,2024-11-10 13:34:49,SHIPPED,NORTH
ORD0411,CUST0007,2024-08-31 22:05:30,SHIPPED,NORTH
ORD0412,CUST0084,2024-11-25 16:38:39,CANCELLED,EAST
ORD0413,CUST0268,2025-02-05 02:07:30,RETURNED,EAST
ORD0414,CUST0086,2026-07-05 23:28:20,DELIVERED,SOUTH
ORD0415,,2024-12-06 07:57:33,DELIVERED,NORTH
ORD0416,,2025-08-24 18:41:48,PLACED,EAST
ORD0417,CUST0414,2025-05-30 10:04:11,CANCELLED,EAST
ORD0418,CUST0269,28-10-2025 00:39:01,PLACED,EAST
ORD0419,CUST0365,2025-09-30 06:10:10,RETURNED,NORTH
ORD0420,CUST0255,2025-11-26 17:57:54,CANCELLED,EAST
ORD0421,CUST0029,2024-08-02 22:55:08,CANCELLED,SOUTH
ORD0422,CUST0189,2026-06-01 20:24:38,SHIPPED,EAST
ORD0423,CUST0396,2026-01-29 09:09:00,PLACED,NORTH
ORD0424,CUST0117,2026-02-04 22:14:28,RETURNED,NORTH
ORD0425,CUST0023,2025-12-15 11:38:18,PLACED,SOUTH
ORD0426,CUST0024,2026-04-18 10:01:11,CANCELLED,EAST
ORD0427,CUST0197,2025-02-24 15:47:36,SHIPPED,SOUTH
ORD0428,CUST0477,2024-09-24 02:17:03,PLACED,WEST
ORD0429,CUST0115,2025-01-03 17:24:37,DELIVERED,SOUTH
ORD0430,CUST0214,03-07-2025 09:34:26,DELIVERED,EAST
ORD0431,CUST0423,2025-11-02 14:16:42,PLACED,EAST
ORD0432,CUST0062,2025-07-20 15:36:00,RETURNED,NORTH
ORD0433,CUST0092,24-05-2026 03:30:17,SHIPPED,NORTH
ORD0434,CUST0489,28-07-2025 14:45:58,CANCELLED,NORTH
ORD0435,CUST0450,2024-11-28 23:24:42,CANCELLED,EAST
ORD0436,CUST0397,2025-01-05 21:03:15,DELIVERED,EAST
ORD0437,CUST0045,2026-04-25 10:54:55,RETURNED,WEST
ORD0438,CUST0005,2025-06-03 13:03:55,DELIVERED,SOUTH
ORD0439,CUST0150,2025-10-29 04:15:42,RETURNED,EAST
ORD0440,CUST0379,2024-11-07 08:09:48,RETURNED,SOUTH
ORD0441,CUST0238,2026-03-28 16:32:00,DELIVERED,WEST
ORD0442,CUST0396,2025-10-15 01:07:39,SHIPPED,SOUTH
ORD0443,CUST0078,2026-04-17 18:10:19,PLACED,WEST
ORD0444,CUST0013,2026-03-07 14:52:08,SHIPPED,EAST
ORD0445,CUST0326,2024-12-07 18:22:57,PLACED,EAST
ORD0446,CUST0001,2025-11-15 13:19:30,CANCELLED,EAST
ORD0447,CUST0054,2025-12-13 20:33:37,SHIPPED,SOUTH
ORD0448,CUST0215,2025-08-20 05:54:36,CANCELLED,NORTH
ORD0449,CUST0498,2025-02-09 22:50:22,SHIPPED,EAST
ORD0450,CUST0048,2024-11-26 18:22:31,PLACED,SOUTH
ORD0451,CUST0460,2026-02-01 23:38:12,RETURNED,WEST
ORD0452,CUST0359,2026-01-03 00:09:43,DELIVERED,WEST
ORD0453,CUST0499,2025-04-11 15:40:18,PLACED,NORTH
ORD0454,CUST0259,2026-07-05 21:42:10,SHIPPED,WEST
ORD0455,CUST0039,2025-07-06 17:06:45,RETURNED,NORTH
ORD0456,CUST0223,2025-10-25 20:00:15,SHIPPED,SOUTH
ORD0457,CUST0150,2025-10-21 05:19:25,DELIVERED,EAST
ORD0458,CUST0475,2024-09-10 23:08:27,CANCELLED,EAST
ORD0459,,2025-01-13 23:51:21,CANCELLED,EAST
ORD0460,CUST0120,2025-05-09 06:11:13,PLACED,SOUTH
ORD0461,CUST0070,2025-05-14 21:20:48,RETURNED,NORTH
ORD0462,CUST0080,2024-10-30 04:26:56,PLACED,SOUTH
ORD0463,CUST0231,2024-10-11 19:42:36,CANCELLED,EAST
ORD0464,CUST0209,2024-08-01 08:33:58,PLACED,EAST
ORD0465,CUST0494,2024-12-23 15:52:00,SHIPPED,WEST
ORD0466,CUST0158,2025-08-29 11:51:43,CANCELLED,EAST
ORD0467,CUST0437,2026-05-18 03:46:00,PLACED,NORTH
ORD0468,,2026-06-25 19:07:41,DELIVERED,NORTH
ORD0469,CUST0111,2025-08-15 05:45:33,DELIVERED,SOUTH
ORD0470,CUST0047,02-01-2026 01:21:26,SHIPPED,EAST
ORD0471,CUST0203,2025-06-10 13:21:45,RETURNED,NORTH
ORD0472,CUST0347,2026-04-22 11:09:27,DELIVERED,EAST
ORD0473,CUST0420,2024-11-12 15:50:20,SHIPPED,NORTH
ORD0474,CUST0488,2025-11-01 19:21:35,CANCELLED,WEST
ORD0475,CUST0285,2024-10-02 06:57:07,RETURNED,SOUTH
ORD0476,CUST0049,2024-12-04 07:12:20,CANCELLED,NORTH
ORD0477,CUST0412,2025-07-24 02:39:39,SHIPPED,NORTH
ORD0478,CUST0007,2026-06-19 19:00:42,PLACED,SOUTH
ORD0479,CUST0067,08-11-2025 23:33:10,SHIPPED,WEST
ORD0480,CUST0191,2025-10-28 09:09:21,PLACED,EAST
ORD0481,CUST0470,2024-08-18 19:30:38,PLACED,NORTH
ORD0482,CUST0034,2026-06-01 06:18:41,SHIPPED,WEST
ORD0483,CUST0415,2026-03-20 08:10:45,SHIPPED,NORTH
ORD0484,CUST0464,2025-09-05 06:23:19,DELIVERED,NORTH
ORD0485,CUST0022,2025-08-14 10:33:10,CANCELLED,NORTH
ORD0486,CUST0087,23-02-2026 21:15:17,RETURNED,WEST
ORD0487,CUST0421,2024-10-18 18:28:51,CANCELLED,WEST
ORD0488,CUST0016,2024-09-29 21:00:11,CANCELLED,WEST
ORD0489,CUST0089,2025-07-29 01:26:20,DELIVERED,SOUTH
ORD0490,CUST0466,2025-12-13 15:47:08,SHIPPED,EAST
ORD0491,CUST0144,2024-10-28 17:19:19,CANCELLED,SOUTH
ORD0492,CUST0018,2026-06-20 02:01:51,RETURNED,SOUTH
ORD0493,CUST0332,2025-10-31 05:23:57,DELIVERED,WEST
ORD0494,CUST0211,2025-09-11 08:50:08,RETURNED,WEST
ORD0495,CUST0032,2026-04-23 05:56:25,PLACED,EAST
ORD0496,CUST0197,2024-07-20 10:11:23,SHIPPED,WEST
ORD0497,CUST0103,2026-06-16 04:31:46,RETURNED,SOUTH
ORD0498,CUST0323,2026-07-17 20:27:38,RETURNED,NORTH
ORD0499,CUST0378,13-03-2026 08:26:52,CANCELLED,EAST
ORD0500,CUST0246,2025-12-28 13:04:46,RETURNED,WEST
ORD0362,CUST0372,2026-06-04 14:07:35,SHIPPED,WEST
ORD0074,CUST0352,2025-12-14 16:35:20,RETURNED,EAST
ORD0375,CUST0313,2025-04-26 20:08:29,SHIPPED,WEST
ORD0156,CUST0051,2025-10-13 10:54:13,CANCELLED,EAST
ORD0105,CUST0092,2024-08-20 22:31:27,RETURNED,WEST
ORD0395,CUST0391,2026-04-27 18:51:57,CANCELLED,NORTH
ORD0378,CUST0441,15-04-2026 00:57:46,SHIPPED,NORTH
ORD0125,CUST0105,2025-08-21 14:29:28,RETURNED,SOUTH
ORD0069,CUST0229,2026-07-09 06:35:11,DELIVERED,EAST
ORD0451,CUST0460,2026-02-01 23:38:12,RETURNED,WEST
